"column1","column2"
"1級","弌"
"1級","丐"
"1級","丕"
"1級","个"
"1級","丱"
"1級","丶"
"1級","丿"
"1級","乂"
"1級","乖"
"1級","乘"
"1級","亂"
"1級","亅"
"1級","豫"
"1級","亊"
"1級","舒"
"1級","弍"
"1級","于"
"1級","亞"
"1級","亟"
"1級","亠"
"1級","亢"
"1級","亰"
"1級","亳"
"1級","亶"
"1級","从"
"1級","仍"
"1級","仄"
"1級","仆"
"1級","仂"
"1級","仗"
"1級","仞"
"1級","仭"
"1級","仟"
"1級","价"
"1級","伉"
"1級","佚"
"1級","估"
"1級","佛"
"1級","佝"
"1級","佗"
"1級","佇"
"1級","佶"
"1級","侈"
"1級","侏"
"1級","侘"
"1級","佻"
"1級","佩"
"1級","佰"
"1級","侑"
"1級","佯"
"1級","來"
"1級","侖"
"1級","儘"
"1級","俔"
"1級","俟"
"1級","俎"
"1級","俘"
"1級","俛"
"1級","俑"
"1級","俚"
"1級","俐"
"1級","俤"
"1級","俥"
"1級","倚"
"1級","倨"
"1級","倔"
"1級","倪"
"1級","倥"
"1級","倅"
"1級","伜"
"1級","俶"
"1級","倡"
"1級","倩"
"1級","倬"
"1級","俾"
"1級","俯"
"1級","們"
"1級","倆"
"1級","偃"
"1級","假"
"1級","會"
"1級","偕"
"1級","偐"
"1級","偈"
"1級","做"
"1級","偖"
"1級","偬"
"1級","偸"
"1級","傀"
"1級","傚"
"1級","傅"
"1級","傴"
"1級","僉"
"1級","僊"
"1級","傳"
"1級","僂"
"1級","僖"
"1級","僞"
"1級","僥"
"1級","僭"
"1級","僣"
"1級","僮"
"1級","價"
"1級","僵"
"1級","儉"
"1級","儁"
"1級","儂"
"1級","儖"
"1級","儕"
"1級","儔"
"1級","儚"
"1級","儡"
"1級","儺"
"1級","儷"
"1級","儼"
"1級","儻"
"1級","儿"
"1級","兀"
"1級","兒"
"1級","兌"
"1級","兔"
"1級","兢"
"1級","竸"
"1級","兩"
"1級","兪"
"1級","兮"
"1級","冀"
"1級","冂"
"1級","囘"
"1級","册"
"1級","冉"
"1級","冏"
"1級","冑"
"1級","冓"
"1級","冕"
"1級","冖"
"1級","冤"
"1級","冦"
"1級","冢"
"1級","冩"
"1級","冪"
"1級","冫"
"1級","决"
"1級","冱"
"1級","冲"
"1級","冰"
"1級","况"
"1級","冽"
"1級","凅"
"1級","凉"
"1級","凛"
"1級","几"
"1級","處"
"1級","凩"
"1級","凭"
"1級","凰"
"1級","凵"
"1級","凾"
"1級","刄"
"1級","刋"
"1級","刔"
"1級","刎"
"1級","刧"
"1級","刪"
"1級","刮"
"1級","刳"
"1級","剏"
"1級","剄"
"1級","剋"
"1級","剌"
"1級","剞"
"1級","剔"
"1級","剪"
"1級","剴"
"1級","剩"
"1級","剳"
"1級","剿"
"1級","剽"
"1級","劍"
"1級","劔"
"1級","劒"
"1級","剱"
"1級","劈"
"1級","劑"
"1級","辨"
"1級","辧"
"1級","劬"
"1級","劭"
"1級","劼"
"1級","劵"
"1級","勁"
"1級","勍"
"1級","勗"
"1級","勞"
"1級","勣"
"1級","勦"
"1級","飭"
"1級","勠"
"1級","勳"
"1級","勵"
"1級","勸"
"1級","勹"
"1級","匆"
"1級","匈"
"1級","甸"
"1級","匍"
"1級","匐"
"1級","匏"
"1級","匕"
"1級","匚"
"1級","匣"
"1級","匯"
"1級","匱"
"1級","匳"
"1級","匸"
"1級","區"
"1級","卆"
"1級","卅"
"1級","丗"
"1級","卉"
"1級","卍"
"1級","凖"
"1級","卞"
"1級","卩"
"1級","卮"
"1級","夘"
"1級","卻"
"1級","卷"
"1級","厂"
"1級","厖"
"1級","厠"
"1級","厦"
"1級","厥"
"1級","厮"
"1級","厰"
"1級","厶"
"1級","參"
"1級","簒"
"1級","雙"
"1級","叟"
"1級","曼"
"1級","燮"
"1級","叮"
"1級","叨"
"1級","叭"
"1級","叺"
"1級","吁"
"1級","吽"
"1級","呀"
"1級","听"
"1級","吭"
"1級","吼"
"1級","吮"
"1級","吶"
"1級","吩"
"1級","吝"
"1級","呎"
"1級","咏"
"1級","呵"
"1級","咎"
"1級","呟"
"1級","呱"
"1級","呷"
"1級","呰"
"1級","咒"
"1級","呻"
"1級","咀"
"1級","呶"
"1級","咄"
"1級","咐"
"1級","咆"
"1級","哇"
"1級","咢"
"1級","咸"
"1級","咥"
"1級","咬"
"1級","哄"
"1級","哈"
"1級","咨"
"1級","咫"
"1級","哂"
"1級","咤"
"1級","咾"
"1級","咼"
"1級","哘"
"1級","哥"
"1級","哦"
"1級","唏"
"1級","唔"
"1級","哽"
"1級","哮"
"1級","哭"
"1級","哢"
"1級","唹"
"1級","啀"
"1級","啣"
"1級","啌"
"1級","售"
"1級","啜"
"1級","啅"
"1級","啖"
"1級","啗"
"1級","唸"
"1級","唳"
"1級","啝"
"1級","喙"
"1級","喀"
"1級","咯"
"1級","喊"
"1級","喟"
"1級","啻"
"1級","啾"
"1級","喘"
"1級","喞"
"1級","單"
"1級","啼"
"1級","喃"
"1級","喇"
"1級","喨"
"1級","嗚"
"1級","嗟"
"1級","嗄"
"1級","嗜"
"1級","嗤"
"1級","嗔"
"1級","嘔"
"1級","嗷"
"1級","嘖"
"1級","嗾"
"1級","嗽"
"1級","嘛"
"1級","嗹"
"1級","噎"
"1級","噐"
"1級","營"
"1級","嘴"
"1級","嘶"
"1級","嘸"
"1級","噫"
"1級","噤"
"1級","嘯"
"1級","噬"
"1級","噪"
"1級","嚆"
"1級","嚀"
"1級","嚊"
"1級","嚠"
"1級","嚔"
"1級","嚏"
"1級","嚥"
"1級","嚮"
"1級","嚶"
"1級","嚴"
"1級","囂"
"1級","嚼"
"1級","囁"
"1級","囃"
"1級","囀"
"1級","囈"
"1級","囎"
"1級","囑"
"1級","囓"
"1級","囗"
"1級","囮"
"1級","囹"
"1級","圀"
"1級","囿"
"1級","圄"
"1級","圉"
"1級","圈"
"1級","國"
"1級","圍"
"1級","圓"
"1級","團"
"1級","圖"
"1級","嗇"
"1級","圜"
"1級","圦"
"1級","圷"
"1級","圸"
"1級","坎"
"1級","圻"
"1級","址"
"1級","坏"
"1級","坩"
"1級","埀"
"1級","垈"
"1級","坡"
"1級","坿"
"1級","垉"
"1級","垓"
"1級","垠"
"1級","垳"
"1級","垤"
"1級","垪"
"1級","垰"
"1級","埃"
"1級","埆"
"1級","埔"
"1級","埒"
"1級","埓"
"1級","堊"
"1級","埖"
"1級","埣"
"1級","堋"
"1級","堙"
"1級","堝"
"1級","塲"
"1級","堡"
"1級","塢"
"1級","塋"
"1級","塰"
"1級","塒"
"1級","堽"
"1級","塹"
"1級","墅"
"1級","墹"
"1級","墟"
"1級","墫"
"1級","墺"
"1級","壞"
"1級","墻"
"1級","墸"
"1級","墮"
"1級","壅"
"1級","壓"
"1級","壑"
"1級","壗"
"1級","壙"
"1級","壘"
"1級","壥"
"1級","壜"
"1級","壤"
"1級","壟"
"1級","壯"
"1級","壺"
"1級","壹"
"1級","壻"
"1級","壼"
"1級","壽"
"1級","夂"
"1級","夊"
"1級","夐"
"1級","夛"
"1級","梦"
"1級","夥"
"1級","夬"
"1級","夭"
"1級","夲"
"1級","夸"
"1級","夾"
"1級","竒"
"1級","奕"
"1級","奐"
"1級","奎"
"1級","奚"
"1級","奘"
"1級","奢"
"1級","奠"
"1級","奧"
"1級","奬"
"1級","奩"
"1級","奸"
"1級","妁"
"1級","妝"
"1級","佞"
"1級","侫"
"1級","妣"
"1級","妲"
"1級","姆"
"1級","姨"
"1級","姜"
"1級","妍"
"1級","姙"
"1級","姚"
"1級","娥"
"1級","娟"
"1級","娑"
"1級","娜"
"1級","娉"
"1級","娚"
"1級","婀"
"1級","婬"
"1級","婉"
"1級","娵"
"1級","娶"
"1級","婢"
"1級","婪"
"1級","媚"
"1級","媼"
"1級","媾"
"1級","嫋"
"1級","嫂"
"1級","媽"
"1級","嫣"
"1級","嫗"
"1級","嫦"
"1級","嫩"
"1級","嫖"
"1級","嫺"
"1級","嫻"
"1級","嬌"
"1級","嬋"
"1級","嬖"
"1級","嬲"
"1級","嫐"
"1級","嬪"
"1級","嬶"
"1級","嬾"
"1級","孃"
"1級","孅"
"1級","孀"
"1級","孑"
"1級","孕"
"1級","孚"
"1級","孛"
"1級","孥"
"1級","孩"
"1級","孰"
"1級","孳"
"1級","孵"
"1級","學"
"1級","斈"
"1級","孺"
"1級","宀"
"1級","它"
"1級","宦"
"1級","宸"
"1級","寃"
"1級","寇"
"1級","寉"
"1級","寔"
"1級","寐"
"1級","寤"
"1級","實"
"1級","寢"
"1級","寞"
"1級","寥"
"1級","寫"
"1級","寰"
"1級","寶"
"1級","寳"
"1級","尅"
"1級","將"
"1級","專"
"1級","對"
"1級","尓"
"1級","尠"
"1級","尢"
"1級","尨"
"1級","尸"
"1級","尹"
"1級","屁"
"1級","屆"
"1級","屎"
"1級","屓"
"1級","屐"
"1級","屏"
"1級","孱"
"1級","屬"
"1級","屮"
"1級","乢"
"1級","屶"
"1級","屹"
"1級","岌"
"1級","岑"
"1級","岔"
"1級","妛"
"1級","岫"
"1級","岻"
"1級","岶"
"1級","岼"
"1級","岷"
"1級","峅"
"1級","岾"
"1級","峇"
"1級","峙"
"1級","峩"
"1級","峽"
"1級","峺"
"1級","峭"
"1級","嶌"
"1級","峪"
"1級","崋"
"1級","崕"
"1級","崗"
"1級","嵜"
"1級","崟"
"1級","崛"
"1級","崑"
"1級","崔"
"1級","崢"
"1級","崚"
"1級","崙"
"1級","崘"
"1級","嵌"
"1級","嵒"
"1級","嵎"
"1級","嵋"
"1級","嵬"
"1級","嵳"
"1級","嵶"
"1級","嶇"
"1級","嶄"
"1級","嶂"
"1級","嶢"
"1級","嶝"
"1級","嶬"
"1級","嶮"
"1級","嶽"
"1級","嶐"
"1級","嶷"
"1級","嶼"
"1級","巉"
"1級","巍"
"1級","巓"
"1級","巒"
"1級","巖"
"1級","巛"
"1級","巫"
"1級","已"
"1級","巵"
"1級","帋"
"1級","帚"
"1級","帙"
"1級","帑"
"1級","帛"
"1級","帶"
"1級","帷"
"1級","幄"
"1級","幃"
"1級","幀"
"1級","幎"
"1級","幗"
"1級","幔"
"1級","幟"
"1級","幢"
"1級","幤"
"1級","幇"
"1級","幵"
"1級","并"
"1級","幺"
"1級","麼"
"1級","广"
"1級","庠"
"1級","廁"
"1級","廂"
"1級","廈"
"1級","廐"
"1級","廏"
"1級","廖"
"1級","廣"
"1級","廝"
"1級","廚"
"1級","廛"
"1級","廢"
"1級","廡"
"1級","廨"
"1級","廩"
"1級","廬"
"1級","廱"
"1級","廳"
"1級","廰"
"1級","廴"
"1級","廸"
"1級","廾"
"1級","弃"
"1級","弉"
"1級","彝"
"1級","彜"
"1級","弋"
"1級","弑"
"1級","弖"
"1級","弩"
"1級","弭"
"1級","弸"
"1級","彁"
"1級","彈"
"1級","彌"
"1級","彎"
"1級","弯"
"1級","彑"
"1級","彖"
"1級","彗"
"1級","彡"
"1級","彭"
"1級","彳"
"1級","彷"
"1級","徃"
"1級","徂"
"1級","彿"
"1級","徊"
"1級","很"
"1級","徑"
"1級","徇"
"1級","從"
"1級","徙"
"1級","徘"
"1級","徠"
"1級","徨"
"1級","徭"
"1級","徼"
"1級","忖"
"1級","忻"
"1級","忤"
"1級","忸"
"1級","忱"
"1級","忝"
"1級","悳"
"1級","忿"
"1級","怡"
"1級","恠"
"1級","怙"
"1級","怐"
"1級","怩"
"1級","怎"
"1級","怱"
"1級","怛"
"1級","怕"
"1級","怫"
"1級","怦"
"1級","怏"
"1級","怺"
"1級","恚"
"1級","恁"
"1級","恪"
"1級","恷"
"1級","恟"
"1級","恊"
"1級","恆"
"1級","恍"
"1級","恃"
"1級","恤"
"1級","恂"
"1級","恬"
"1級","恫"
"1級","恙"
"1級","悁"
"1級","悍"
"1級","悃"
"1級","悚"
"1級","悄"
"1級","悛"
"1級","悖"
"1級","悗"
"1級","悒"
"1級","悧"
"1級","悋"
"1級","惡"
"1級","悸"
"1級","惠"
"1級","惓"
"1級","悴"
"1級","忰"
"1級","悽"
"1級","惆"
"1級","悵"
"1級","惘"
"1級","慍"
"1級","愕"
"1級","愆"
"1級","惶"
"1級","惷"
"1級","愀"
"1級","惴"
"1級","惺"
"1級","愃"
"1級","愡"
"1級","惻"
"1級","惱"
"1級","愍"
"1級","愎"
"1級","慇"
"1級","愾"
"1級","愨"
"1級","愧"
"1級","慊"
"1級","愿"
"1級","愼"
"1級","愬"
"1級","愴"
"1級","愽"
"1級","慂"
"1級","慳"
"1級","慷"
"1級","慘"
"1級","慙"
"1級","慚"
"1級","慫"
"1級","慴"
"1級","慯"
"1級","慥"
"1級","慱"
"1級","慟"
"1級","慝"
"1級","慓"
"1級","慵"
"1級","憙"
"1級","憖"
"1級","憇"
"1級","憔"
"1級","憚"
"1級","憊"
"1級","憑"
"1級","憫"
"1級","憮"
"1級","懌"
"1級","懊"
"1級","應"
"1級","懷"
"1級","懈"
"1級","懃"
"1級","懆"
"1級","憺"
"1級","懋"
"1級","罹"
"1級","懍"
"1級","懦"
"1級","懣"
"1級","懶"
"1級","懺"
"1級","懴"
"1級","懿"
"1級","懽"
"1級","懼"
"1級","懾"
"1級","戀"
"1級","戈"
"1級","戉"
"1級","戍"
"1級","戌"
"1級","戔"
"1級","戛"
"1級","戞"
"1級","戡"
"1級","截"
"1級","戮"
"1級","戰"
"1級","戲"
"1級","戳"
"1級","扁"
"1級","扎"
"1級","扞"
"1級","扣"
"1級","扛"
"1級","扠"
"1級","扨"
"1級","扼"
"1級","抂"
"1級","抉"
"1級","找"
"1級","抒"
"1級","抓"
"1級","抖"
"1級","拔"
"1級","抃"
"1級","抔"
"1級","拗"
"1級","拑"
"1級","抻"
"1級","拏"
"1級","拿"
"1級","拆"
"1級","擔"
"1級","拈"
"1級","拜"
"1級","拌"
"1級","拊"
"1級","拂"
"1級","拇"
"1級","抛"
"1級","挌"
"1級","拮"
"1級","拱"
"1級","挧"
"1級","挂"
"1級","挈"
"1級","拯"
"1級","拵"
"1級","捐"
"1級","挾"
"1級","捍"
"1級","搜"
"1級","捏"
"1級","掖"
"1級","掎"
"1級","掀"
"1級","掫"
"1級","捶"
"1級","掣"
"1級","掏"
"1級","掉"
"1級","掟"
"1級","掵"
"1級","捫"
"1級","捩"
"1級","掾"
"1級","揩"
"1級","揀"
"1級","揆"
"1級","揣"
"1級","揉"
"1級","插"
"1級","揶"
"1級","揄"
"1級","搖"
"1級","搴"
"1級","搆"
"1級","搓"
"1級","搦"
"1級","搶"
"1級","攝"
"1級","搗"
"1級","搨"
"1級","搏"
"1級","摧"
"1級","摶"
"1級","摎"
"1級","攪"
"1級","撕"
"1級","撓"
"1級","撥"
"1級","撩"
"1級","撈"
"1級","撼"
"1級","據"
"1級","擒"
"1級","擅"
"1級","擇"
"1級","撻"
"1級","擘"
"1級","擂"
"1級","擱"
"1級","擧"
"1級","舉"
"1級","擠"
"1級","擡"
"1級","抬"
"1級","擣"
"1級","擯"
"1級","攬"
"1級","擶"
"1級","擴"
"1級","擲"
"1級","擺"
"1級","攀"
"1級","擽"
"1級","攘"
"1級","攜"
"1級","攅"
"1級","攤"
"1級","攣"
"1級","攫"
"1級","攴"
"1級","攵"
"1級","攷"
"1級","收"
"1級","攸"
"1級","畋"
"1級","效"
"1級","敖"
"1級","敕"
"1級","敍"
"1級","敘"
"1級","敞"
"1級","敝"
"1級","敲"
"1級","數"
"1級","斂"
"1級","斃"
"1級","變"
"1級","斛"
"1級","斟"
"1級","斫"
"1級","斷"
"1級","旃"
"1級","旆"
"1級","旁"
"1級","旄"
"1級","旌"
"1級","旒"
"1級","旛"
"1級","旙"
"1級","无"
"1級","旡"
"1級","旱"
"1級","杲"
"1級","昊"
"1級","昃"
"1級","旻"
"1級","杳"
"1級","昵"
"1級","昶"
"1級","昴"
"1級","昜"
"1級","晏"
"1級","晄"
"1級","晉"
"1級","晁"
"1級","晞"
"1級","晝"
"1級","晤"
"1級","晧"
"1級","晨"
"1級","晟"
"1級","晢"
"1級","晰"
"1級","暃"
"1級","暈"
"1級","暎"
"1級","暉"
"1級","暄"
"1級","暘"
"1級","暝"
"1級","曁"
"1級","暹"
"1級","曉"
"1級","暾"
"1級","暼"
"1級","曄"
"1級","暸"
"1級","曚"
"1級","曠"
"1級","昿"
"1級","曦"
"1級","曩"
"1級","曰"
"1級","曵"
"1級","曷"
"1級","朏"
"1級","朖"
"1級","朞"
"1級","朦"
"1級","朧"
"1級","霸"
"1級","朮"
"1級","朿"
"1級","朶"
"1級","杁"
"1級","朸"
"1級","朷"
"1級","杆"
"1級","杞"
"1級","杠"
"1級","杙"
"1級","杣"
"1級","杤"
"1級","枉"
"1級","杰"
"1級","枩"
"1級","杼"
"1級","杪"
"1級","枌"
"1級","枋"
"1級","枦"
"1級","枡"
"1級","枅"
"1級","枷"
"1級","柯"
"1級","枴"
"1級","柬"
"1級","枳"
"1級","柩"
"1級","枸"
"1級","柤"
"1級","柞"
"1級","柝"
"1級","柢"
"1級","柮"
"1級","枹"
"1級","柎"
"1級","柆"
"1級","柧"
"1級","檜"
"1級","栞"
"1級","框"
"1級","栩"
"1級","桀"
"1級","桍"
"1級","栲"
"1級","桎"
"1級","梳"
"1級","栫"
"1級","桙"
"1級","档"
"1級","桷"
"1級","桿"
"1級","梟"
"1級","梏"
"1級","梭"
"1級","梔"
"1級","條"
"1級","梛"
"1級","梃"
"1級","檮"
"1級","梹"
"1級","桴"
"1級","梵"
"1級","梠"
"1級","梺"
"1級","椏"
"1級","梍"
"1級","桾"
"1級","椁"
"1級","棊"
"1級","椈"
"1級","棘"
"1級","椢"
"1級","椦"
"1級","棡"
"1級","椌"
"1級","棍"
"1級","棔"
"1級","棧"
"1級","棕"
"1級","椶"
"1級","椒"
"1級","椄"
"1級","棗"
"1級","棣"
"1級","椥"
"1級","棹"
"1級","棠"
"1級","棯"
"1級","椨"
"1級","椪"
"1級","椚"
"1級","椣"
"1級","椡"
"1級","棆"
"1級","楹"
"1級","楜"
"1級","楸"
"1級","楫"
"1級","楔"
"1級","楾"
"1級","楮"
"1級","椹"
"1級","楴"
"1級","椽"
"1級","楙"
"1級","椰"
"1級","楡"
"1級","楞"
"1級","楝"
"1級","榁"
"1級","楪"
"1級","榲"
"1級","榮"
"1級","槐"
"1級","榿"
"1級","槁"
"1級","槓"
"1級","榾"
"1級","槎"
"1級","寨"
"1級","槊"
"1級","槝"
"1級","榻"
"1級","槃"
"1級","榧"
"1級","樮"
"1級","榑"
"1級","榠"
"1級","榜"
"1級","榕"
"1級","榴"
"1級","槞"
"1級","槨"
"1級","樂"
"1級","樛"
"1級","槿"
"1級","權"
"1級","槹"
"1級","槲"
"1級","槧"
"1級","樅"
"1級","榱"
"1級","樞"
"1級","槭"
"1級","樔"
"1級","槫"
"1級","樊"
"1級","樒"
"1級","櫁"
"1級","樣"
"1級","樓"
"1級","橄"
"1級","樌"
"1級","橲"
"1級","樶"
"1級","橸"
"1級","橇"
"1級","橢"
"1級","橙"
"1級","橦"
"1級","橈"
"1級","樸"
"1級","樢"
"1級","檐"
"1級","檍"
"1級","檠"
"1級","檄"
"1級","檢"
"1級","檣"
"1級","檗"
"1級","蘗"
"1級","檻"
"1級","櫃"
"1級","櫂"
"1級","檸"
"1級","檳"
"1級","檬"
"1級","櫞"
"1級","櫑"
"1級","櫟"
"1級","檪"
"1級","櫚"
"1級","櫪"
"1級","櫻"
"1級","欅"
"1級","蘖"
"1級","櫺"
"1級","欒"
"1級","欖"
"1級","欟"
"1級","欸"
"1級","欷"
"1級","盜"
"1級","欹"
"1級","飮"
"1級","歇"
"1級","歃"
"1級","歉"
"1級","歐"
"1級","歙"
"1級","歔"
"1級","歛"
"1級","歟"
"1級","歡"
"1級","歸"
"1級","歹"
"1級","歿"
"1級","殀"
"1級","殄"
"1級","殃"
"1級","殍"
"1級","殘"
"1級","殕"
"1級","殞"
"1級","殤"
"1級","殪"
"1級","殫"
"1級","殯"
"1級","殲"
"1級","殱"
"1級","殳"
"1級","殷"
"1級","殼"
"1級","毆"
"1級","毋"
"1級","毓"
"1級","毟"
"1級","毬"
"1級","毫"
"1級","毳"
"1級","毯"
"1級","麾"
"1級","氈"
"1級","氓"
"1級","气"
"1級","氛"
"1級","氤"
"1級","氣"
"1級","汞"
"1級","汕"
"1級","汢"
"1級","汪"
"1級","沂"
"1級","沍"
"1級","沚"
"1級","沁"
"1級","沛"
"1級","汾"
"1級","汨"
"1級","汳"
"1級","沒"
"1級","沐"
"1級","泄"
"1級","泱"
"1級","泓"
"1級","沽"
"1級","泗"
"1級","泅"
"1級","泝"
"1級","沮"
"1級","沱"
"1級","沾"
"1級","沺"
"1級","泛"
"1級","泯"
"1級","泙"
"1級","泪"
"1級","洟"
"1級","衍"
"1級","洶"
"1級","洫"
"1級","洽"
"1級","洸"
"1級","洙"
"1級","洵"
"1級","洳"
"1級","洒"
"1級","洌"
"1級","浣"
"1級","涓"
"1級","浤"
"1級","浚"
"1級","浹"
"1級","浙"
"1級","涎"
"1級","涕"
"1級","濤"
"1級","涅"
"1級","淹"
"1級","渕"
"1級","渊"
"1級","涵"
"1級","淇"
"1級","淦"
"1級","涸"
"1級","淆"
"1級","淬"
"1級","淞"
"1級","淌"
"1級","淨"
"1級","淒"
"1級","淅"
"1級","淺"
"1級","淙"
"1級","淤"
"1級","淕"
"1級","淪"
"1級","淮"
"1級","渭"
"1級","湮"
"1級","渮"
"1級","渙"
"1級","湲"
"1級","湟"
"1級","渾"
"1級","渣"
"1級","湫"
"1級","渫"
"1級","湶"
"1級","湍"
"1級","渟"
"1級","湃"
"1級","渺"
"1級","湎"
"1級","渤"
"1級","滿"
"1級","渝"
"1級","游"
"1級","溂"
"1級","溪"
"1級","溘"
"1級","滉"
"1級","溷"
"1級","滓"
"1級","溽"
"1級","溯"
"1級","滄"
"1級","溲"
"1級","滔"
"1級","滕"
"1級","溏"
"1級","溥"
"1級","滂"
"1級","溟"
"1級","潁"
"1級","漑"
"1級","灌"
"1級","滬"
"1級","滸"
"1級","滾"
"1級","漿"
"1級","滲"
"1級","漱"
"1級","滯"
"1級","漲"
"1級","滌"
"1級","漾"
"1級","漓"
"1級","滷"
"1級","澆"
"1級","潺"
"1級","潸"
"1級","澁"
"1級","澀"
"1級","潯"
"1級","潛"
"1級","濳"
"1級","潭"
"1級","澂"
"1級","潼"
"1級","潘"
"1級","澎"
"1級","澑"
"1級","濂"
"1級","潦"
"1級","澳"
"1級","澣"
"1級","澡"
"1級","澤"
"1級","澹"
"1級","濆"
"1級","澪"
"1級","濟"
"1級","濕"
"1級","濬"
"1級","濔"
"1級","濘"
"1級","濱"
"1級","濮"
"1級","濛"
"1級","瀉"
"1級","瀋"
"1級","濺"
"1級","瀑"
"1級","瀁"
"1級","瀏"
"1級","濾"
"1級","瀛"
"1級","瀚"
"1級","潴"
"1級","瀝"
"1級","瀘"
"1級","瀟"
"1級","瀰"
"1級","瀾"
"1級","瀲"
"1級","灑"
"1級","灣"
"1級","炙"
"1級","炒"
"1級","炯"
"1級","烱"
"1級","炬"
"1級","炸"
"1級","炳"
"1級","炮"
"1級","烟"
"1級","烋"
"1級","烝"
"1級","烙"
"1級","焉"
"1級","烽"
"1級","焜"
"1級","焙"
"1級","煥"
"1級","煕"
"1級","熈"
"1級","煦"
"1級","煢"
"1級","煌"
"1級","煖"
"1級","煬"
"1級","熏"
"1級","燻"
"1級","熄"
"1級","熕"
"1級","熨"
"1級","熬"
"1級","燗"
"1級","熹"
"1級","熾"
"1級","燒"
"1級","燉"
"1級","燔"
"1級","燎"
"1級","燠"
"1級","燬"
"1級","燧"
"1級","燵"
"1級","燼"
"1級","燹"
"1級","燿"
"1級","爍"
"1級","爐"
"1級","爛"
"1級","爨"
"1級","爭"
"1級","爬"
"1級","爰"
"1級","爲"
"1級","爻"
"1級","爼"
"1級","爿"
"1級","牀"
"1級","牆"
"1級","牋"
"1級","牘"
"1級","牴"
"1級","牾"
"1級","犂"
"1級","犁"
"1級","犇"
"1級","犒"
"1級","犖"
"1級","犢"
"1級","犧"
"1級","犹"
"1級","犲"
"1級","狃"
"1級","狆"
"1級","狄"
"1級","狎"
"1級","狒"
"1級","狢"
"1級","狠"
"1級","狡"
"1級","狹"
"1級","狷"
"1級","倏"
"1級","猗"
"1級","猊"
"1級","猜"
"1級","猖"
"1級","猝"
"1級","猴"
"1級","猯"
"1級","猩"
"1級","猥"
"1級","猾"
"1級","獎"
"1級","獏"
"1級","默"
"1級","獗"
"1級","獪"
"1級","獨"
"1級","獰"
"1級","獸"
"1級","獵"
"1級","獻"
"1級","獺"
"1級","珈"
"1級","玳"
"1級","珎"
"1級","玻"
"1級","珀"
"1級","珥"
"1級","珮"
"1級","珞"
"1級","璢"
"1級","琅"
"1級","瑯"
"1級","琥"
"1級","珸"
"1級","琲"
"1級","琺"
"1級","瑕"
"1級","琿"
"1級","瑟"
"1級","瑙"
"1級","瑁"
"1級","瑜"
"1級","瑩"
"1級","瑰"
"1級","瑣"
"1級","瑪"
"1級","瑶"
"1級","瑾"
"1級","璋"
"1級","璞"
"1級","瓊"
"1級","瓏"
"1級","瓔"
"1級","珱"
"1級","瓠"
"1級","瓣"
"1級","瓧"
"1級","瓩"
"1級","瓮"
"1級","瓲"
"1級","瓰"
"1級","瓱"
"1級","瓸"
"1級","瓷"
"1級","甄"
"1級","甃"
"1級","甅"
"1級","甌"
"1級","甎"
"1級","甍"
"1級","甕"
"1級","甓"
"1級","甞"
"1級","甦"
"1級","甬"
"1級","甼"
"1級","畄"
"1級","畍"
"1級","畊"
"1級","畉"
"1級","畛"
"1級","畆"
"1級","畚"
"1級","畩"
"1級","畤"
"1級","畧"
"1級","畫"
"1級","畭"
"1級","畸"
"1級","當"
"1級","疆"
"1級","疇"
"1級","畴"
"1級","疊"
"1級","疉"
"1級","疂"
"1級","疔"
"1級","疚"
"1級","疝"
"1級","疥"
"1級","疣"
"1級","痂"
"1級","疳"
"1級","痃"
"1級","疵"
"1級","疽"
"1級","疸"
"1級","疼"
"1級","疱"
"1級","痍"
"1級","痊"
"1級","痒"
"1級","痙"
"1級","痣"
"1級","痞"
"1級","痾"
"1級","痿"
"1級","痼"
"1級","瘁"
"1級","痰"
"1級","痺"
"1級","痲"
"1級","痳"
"1級","瘋"
"1級","瘉"
"1級","瘟"
"1級","瘧"
"1級","瘠"
"1級","瘡"
"1級","瘢"
"1級","瘤"
"1級","瘴"
"1級","瘰"
"1級","瘻"
"1級","癇"
"1級","癈"
"1級","癆"
"1級","癜"
"1級","癘"
"1級","癡"
"1級","癢"
"1級","癨"
"1級","癩"
"1級","癪"
"1級","癧"
"1級","癬"
"1級","癰"
"1級","癲"
"1級","癶"
"1級","癸"
"1級","發"
"1級","皀"
"1級","皃"
"1級","皈"
"1級","皋"
"1級","皎"
"1級","皖"
"1級","皓"
"1級","皙"
"1級","皚"
"1級","皰"
"1級","皴"
"1級","皸"
"1級","皹"
"1級","皺"
"1級","盂"
"1級","盍"
"1級","盖"
"1級","盒"
"1級","盞"
"1級","盡"
"1級","盥"
"1級","盧"
"1級","盪"
"1級","蘯"
"1級","盻"
"1級","眈"
"1級","眇"
"1級","眄"
"1級","眩"
"1級","眤"
"1級","眞"
"1級","眥"
"1級","眦"
"1級","眛"
"1級","眷"
"1級","眸"
"1級","睇"
"1級","睚"
"1級","睨"
"1級","睫"
"1級","睛"
"1級","睥"
"1級","睿"
"1級","睾"
"1級","睹"
"1級","瞎"
"1級","瞋"
"1級","瞑"
"1級","瞠"
"1級","瞞"
"1級","瞰"
"1級","瞶"
"1級","瞹"
"1級","瞿"
"1級","瞼"
"1級","瞽"
"1級","瞻"
"1級","矇"
"1級","矍"
"1級","矗"
"1級","矚"
"1級","矜"
"1級","矣"
"1級","矮"
"1級","矼"
"1級","砌"
"1級","砒"
"1級","礦"
"1級","砠"
"1級","礪"
"1級","硅"
"1級","碎"
"1級","硴"
"1級","碆"
"1級","硼"
"1級","碚"
"1級","碌"
"1級","碣"
"1級","碵"
"1級","碪"
"1級","碯"
"1級","磑"
"1級","磆"
"1級","磋"
"1級","磔"
"1級","碾"
"1級","碼"
"1級","磅"
"1級","磊"
"1級","磬"
"1級","磧"
"1級","磚"
"1級","磽"
"1級","磴"
"1級","礇"
"1級","礒"
"1級","礑"
"1級","礙"
"1級","礬"
"1級","礫"
"1級","祀"
"1級","祠"
"1級","祗"
"1級","祟"
"1級","祚"
"1級","祕"
"1級","祓"
"1級","祺"
"1級","祿"
"1級","禊"
"1級","禝"
"1級","禧"
"1級","齋"
"1級","禪"
"1級","禮"
"1級","禳"
"1級","禹"
"1級","禺"
"1級","秉"
"1級","秕"
"1級","秧"
"1級","秬"
"1級","秡"
"1級","秣"
"1級","稈"
"1級","稍"
"1級","稘"
"1級","稙"
"1級","稠"
"1級","稟"
"1級","禀"
"1級","稱"
"1級","稻"
"1級","稾"
"1級","稷"
"1級","穃"
"1級","穗"
"1級","穉"
"1級","穡"
"1級","穢"
"1級","穩"
"1級","龝"
"1級","穰"
"1級","穹"
"1級","穽"
"1級","窈"
"1級","窗"
"1級","窕"
"1級","窘"
"1級","窖"
"1級","窩"
"1級","竈"
"1級","窰"
"1級","窶"
"1級","竅"
"1級","竄"
"1級","窿"
"1級","邃"
"1級","竇"
"1級","竊"
"1級","竍"
"1級","竏"
"1級","竕"
"1級","竓"
"1級","站"
"1級","竚"
"1級","竝"
"1級","竡"
"1級","竢"
"1級","竦"
"1級","竭"
"1級","竰"
"1級","笂"
"1級","笏"
"1級","笊"
"1級","笆"
"1級","笳"
"1級","笘"
"1級","笙"
"1級","笞"
"1級","笵"
"1級","笨"
"1級","笶"
"1級","筐"
"1級","筺"
"1級","笄"
"1級","筍"
"1級","笋"
"1級","筌"
"1級","筅"
"1級","筵"
"1級","筥"
"1級","筴"
"1級","筧"
"1級","筰"
"1級","筱"
"1級","筬"
"1級","筮"
"1級","箝"
"1級","箘"
"1級","箟"
"1級","箍"
"1級","箜"
"1級","箚"
"1級","箒"
"1級","箏"
"1級","筝"
"1級","箙"
"1級","篋"
"1級","篁"
"1級","篌"
"1級","篏"
"1級","箴"
"1級","篆"
"1級","篝"
"1級","篩"
"1級","簑"
"1級","簔"
"1級","篦"
"1級","篥"
"1級","簀"
"1級","簇"
"1級","簓"
"1級","篳"
"1級","篷"
"1級","簗"
"1級","簍"
"1級","篶"
"1級","簣"
"1級","簧"
"1級","簪"
"1級","簟"
"1級","簷"
"1級","簫"
"1級","簽"
"1級","籌"
"1級","籃"
"1級","籔"
"1級","籏"
"1級","籀"
"1級","籐"
"1級","籘"
"1級","籟"
"1級","籤"
"1級","籖"
"1級","籥"
"1級","籬"
"1級","籵"
"1級","粃"
"1級","粐"
"1級","粤"
"1級","粭"
"1級","粢"
"1級","粫"
"1級","粡"
"1級","粨"
"1級","粳"
"1級","粲"
"1級","粱"
"1級","粮"
"1級","粹"
"1級","粽"
"1級","糀"
"1級","糅"
"1級","糂"
"1級","糘"
"1級","糒"
"1級","糜"
"1級","糢"
"1級","鬻"
"1級","糯"
"1級","糲"
"1級","糴"
"1級","糶"
"1級","糺"
"1級","紆"
"1級","紂"
"1級","紜"
"1級","紕"
"1級","紊"
"1級","絅"
"1級","絋"
"1級","紮"
"1級","紲"
"1級","紿"
"1級","紵"
"1級","絆"
"1級","絳"
"1級","絖"
"1級","絎"
"1級","絲"
"1級","絨"
"1級","絮"
"1級","絏"
"1級","絣"
"1級","經"
"1級","綉"
"1級","絛"
"1級","綏"
"1級","絽"
"1級","綛"
"1級","綺"
"1級","綮"
"1級","綣"
"1級","綵"
"1級","緇"
"1級","綽"
"1級","綫"
"1級","總"
"1級","綢"
"1級","綯"
"1級","緜"
"1級","綸"
"1級","綟"
"1級","綰"
"1級","緘"
"1級","緝"
"1級","緤"
"1級","緞"
"1級","緲"
"1級","緡"
"1級","縅"
"1級","縊"
"1級","縣"
"1級","縡"
"1級","縒"
"1級","縱"
"1級","縟"
"1級","縉"
"1級","縋"
"1級","縢"
"1級","繆"
"1級","繦"
"1級","縻"
"1級","縵"
"1級","縹"
"1級","繃"
"1級","縷"
"1級","縲"
"1級","縺"
"1級","繧"
"1級","繝"
"1級","繖"
"1級","繞"
"1級","繙"
"1級","繚"
"1級","繹"
"1級","繪"
"1級","繩"
"1級","繼"
"1級","繻"
"1級","纃"
"1級","緕"
"1級","繽"
"1級","辮"
"1級","繿"
"1級","纈"
"1級","纉"
"1級","續"
"1級","纒"
"1級","纐"
"1級","纓"
"1級","纔"
"1級","纖"
"1級","纎"
"1級","纛"
"1級","纜"
"1級","缸"
"1級","缺"
"1級","罅"
"1級","罌"
"1級","罍"
"1級","罎"
"1級","罐"
"1級","网"
"1級","罕"
"1級","罔"
"1級","罘"
"1級","罟"
"1級","罠"
"1級","罨"
"1級","罩"
"1級","罧"
"1級","罸"
"1級","羂"
"1級","羆"
"1級","羃"
"1級","羈"
"1級","羇"
"1級","羌"
"1級","羔"
"1級","羝"
"1級","羚"
"1級","羣"
"1級","羯"
"1級","羲"
"1級","羹"
"1級","羮"
"1級","羶"
"1級","羸"
"1級","譱"
"1級","翅"
"1級","翆"
"1級","翊"
"1級","翕"
"1級","翔"
"1級","翡"
"1級","翦"
"1級","翩"
"1級","翳"
"1級","翹"
"1級","飜"
"1級","耆"
"1級","耄"
"1級","耋"
"1級","耒"
"1級","耘"
"1級","耙"
"1級","耜"
"1級","耡"
"1級","耨"
"1級","耿"
"1級","耻"
"1級","聊"
"1級","聆"
"1級","聒"
"1級","聘"
"1級","聚"
"1級","聟"
"1級","聢"
"1級","聨"
"1級","聳"
"1級","聲"
"1級","聰"
"1級","聶"
"1級","聹"
"1級","聽"
"1級","聿"
"1級","肄"
"1級","肆"
"1級","肅"
"1級","肛"
"1級","肓"
"1級","肚"
"1級","肭"
"1級","冐"
"1級","肬"
"1級","胛"
"1級","胥"
"1級","胙"
"1級","胝"
"1級","胄"
"1級","胚"
"1級","胖"
"1級","脉"
"1級","胯"
"1級","胱"
"1級","脛"
"1級","脩"
"1級","脣"
"1級","脯"
"1級","腋"
"1級","隋"
"1級","腆"
"1級","脾"
"1級","腓"
"1級","腑"
"1級","胼"
"1級","腱"
"1級","腮"
"1級","腥"
"1級","腦"
"1級","腴"
"1級","膃"
"1級","膈"
"1級","膊"
"1級","膀"
"1級","膂"
"1級","膠"
"1級","膕"
"1級","膤"
"1級","膣"
"1級","腟"
"1級","膓"
"1級","膩"
"1級","膰"
"1級","膵"
"1級","膾"
"1級","膸"
"1級","膽"
"1級","臀"
"1級","臂"
"1級","膺"
"1級","臉"
"1級","臍"
"1級","臑"
"1級","臙"
"1級","臘"
"1級","臈"
"1級","臚"
"1級","臟"
"1級","臠"
"1級","臧"
"1級","臺"
"1級","臻"
"1級","臾"
"1級","舁"
"1級","舂"
"1級","舅"
"1級","與"
"1級","舊"
"1級","舍"
"1級","舐"
"1級","舖"
"1級","舩"
"1級","舫"
"1級","舸"
"1級","舳"
"1級","艀"
"1級","艙"
"1級","艘"
"1級","艝"
"1級","艚"
"1級","艟"
"1級","艤"
"1級","艢"
"1級","艨"
"1級","艪"
"1級","艫"
"1級","舮"
"1級","艱"
"1級","艷"
"1級","艸"
"1級","艾"
"1級","芍"
"1級","芒"
"1級","芫"
"1級","芟"
"1級","芻"
"1級","芬"
"1級","苡"
"1級","苣"
"1級","苟"
"1級","苒"
"1級","苴"
"1級","苳"
"1級","苺"
"1級","莓"
"1級","范"
"1級","苻"
"1級","苹"
"1級","苞"
"1級","茆"
"1級","苜"
"1級","茉"
"1級","苙"
"1級","茵"
"1級","茴"
"1級","茖"
"1級","茲"
"1級","茱"
"1級","荀"
"1級","茹"
"1級","荐"
"1級","荅"
"1級","茯"
"1級","茫"
"1級","茗"
"1級","茘"
"1級","莅"
"1級","莚"
"1級","莪"
"1級","莟"
"1級","莢"
"1級","莖"
"1級","茣"
"1級","莎"
"1級","莇"
"1級","莊"
"1級","荼"
"1級","莵"
"1級","荳"
"1級","荵"
"1級","莠"
"1級","莉"
"1級","莨"
"1級","菴"
"1級","萓"
"1級","菫"
"1級","菎"
"1級","菽"
"1級","萃"
"1級","菘"
"1級","萋"
"1級","菁"
"1級","菷"
"1級","萇"
"1級","菠"
"1級","菲"
"1級","萍"
"1級","萢"
"1級","萠"
"1級","莽"
"1級","萸"
"1級","蔆"
"1級","菻"
"1級","葭"
"1級","萪"
"1級","萼"
"1級","蕚"
"1級","蒄"
"1級","葷"
"1級","葫"
"1級","蒭"
"1級","葮"
"1級","蒂"
"1級","葩"
"1級","葆"
"1級","萬"
"1級","葯"
"1級","葹"
"1級","萵"
"1級","蓊"
"1級","葢"
"1級","蒹"
"1級","蒿"
"1級","蒟"
"1級","蓙"
"1級","蓍"
"1級","蒻"
"1級","蓚"
"1級","蓐"
"1級","蓁"
"1級","蓆"
"1級","蓖"
"1級","蒡"
"1級","蔡"
"1級","蓿"
"1級","蓴"
"1級","蔗"
"1級","蔘"
"1級","蔬"
"1級","蔟"
"1級","蔕"
"1級","蔔"
"1級","蓼"
"1級","蕀"
"1級","蕣"
"1級","蕘"
"1級","蕈"
"1級","蕁"
"1級","蘂"
"1級","蕋"
"1級","蕕"
"1級","薀"
"1級","薤"
"1級","薈"
"1級","薑"
"1級","薊"
"1級","薨"
"1級","蕭"
"1級","薔"
"1級","薛"
"1級","藪"
"1級","薇"
"1級","薜"
"1級","蕷"
"1級","蕾"
"1級","薐"
"1級","藉"
"1級","薺"
"1級","藏"
"1級","薹"
"1級","藐"
"1級","藕"
"1級","藝"
"1級","藥"
"1級","藜"
"1級","藹"
"1級","蘊"
"1級","蘓"
"1級","蘋"
"1級","藾"
"1級","藺"
"1級","蘆"
"1級","蘢"
"1級","蘚"
"1級","蘰"
"1級","蘿"
"1級","虍"
"1級","乕"
"1級","虔"
"1級","號"
"1級","虧"
"1級","虱"
"1級","蚓"
"1級","蚣"
"1級","蚩"
"1級","蚪"
"1級","蚋"
"1級","蚌"
"1級","蚶"
"1級","蚯"
"1級","蛄"
"1級","蛆"
"1級","蚰"
"1級","蛉"
"1級","蠣"
"1級","蚫"
"1級","蛔"
"1級","蛞"
"1級","蛩"
"1級","蛬"
"1級","蛟"
"1級","蛛"
"1級","蛯"
"1級","蜒"
"1級","蜆"
"1級","蜈"
"1級","蜀"
"1級","蜃"
"1級","蛻"
"1級","蜑"
"1級","蜉"
"1級","蜍"
"1級","蛹"
"1級","蜊"
"1級","蜴"
"1級","蜿"
"1級","蜷"
"1級","蜻"
"1級","蜥"
"1級","蜩"
"1級","蜚"
"1級","蝠"
"1級","蝟"
"1級","蝸"
"1級","蝌"
"1級","蝎"
"1級","蝴"
"1級","蝗"
"1級","蝨"
"1級","蝮"
"1級","蝙"
"1級","蝓"
"1級","蝣"
"1級","蝪"
"1級","蠅"
"1級","螢"
"1級","螟"
"1級","螂"
"1級","螯"
"1級","蟋"
"1級","螽"
"1級","蟀"
"1級","蟐"
"1級","雖"
"1級","螫"
"1級","蟄"
"1級","螳"
"1級","蟇"
"1級","蟆"
"1級","螻"
"1級","蟯"
"1級","蟲"
"1級","蟠"
"1級","蠏"
"1級","蠍"
"1級","蟾"
"1級","蟶"
"1級","蟷"
"1級","蠎"
"1級","蟒"
"1級","蠑"
"1級","蠖"
"1級","蠕"
"1級","蠢"
"1級","蠡"
"1級","蠱"
"1級","蠶"
"1級","蠹"
"1級","蠧"
"1級","蠻"
"1級","衄"
"1級","衂"
"1級","衒"
"1級","衙"
"1級","衞"
"1級","衢"
"1級","衫"
"1級","袁"
"1級","衾"
"1級","袞"
"1級","衵"
"1級","衽"
"1級","袵"
"1級","衲"
"1級","袂"
"1級","袗"
"1級","袒"
"1級","袮"
"1級","袙"
"1級","袢"
"1級","袍"
"1級","袤"
"1級","袰"
"1級","袿"
"1級","袱"
"1級","裃"
"1級","裄"
"1級","裔"
"1級","裘"
"1級","裙"
"1級","裝"
"1級","裹"
"1級","褂"
"1級","裼"
"1級","裴"
"1級","裨"
"1級","裲"
"1級","褄"
"1級","褌"
"1級","褊"
"1級","褓"
"1級","襃"
"1級","褞"
"1級","褥"
"1級","褪"
"1級","褫"
"1級","襁"
"1級","襄"
"1級","褻"
"1級","褶"
"1級","褸"
"1級","襌"
"1級","褝"
"1級","襠"
"1級","襞"
"1級","襦"
"1級","襤"
"1級","襭"
"1級","襪"
"1級","襯"
"1級","襴"
"1級","襷"
"1級","襾"
"1級","覃"
"1級","覈"
"1級","覊"
"1級","覓"
"1級","覘"
"1級","覡"
"1級","覩"
"1級","覦"
"1級","覬"
"1級","覯"
"1級","覲"
"1級","覺"
"1級","覽"
"1級","覿"
"1級","觀"
"1級","觚"
"1級","觜"
"1級","觝"
"1級","觧"
"1級","觴"
"1級","觸"
"1級","訖"
"1級","訐"
"1級","訌"
"1級","訛"
"1級","訝"
"1級","訥"
"1級","訶"
"1級","詁"
"1級","詛"
"1級","詒"
"1級","詆"
"1級","詈"
"1級","詼"
"1級","詭"
"1級","詬"
"1級","詢"
"1級","誅"
"1級","誂"
"1級","誄"
"1級","誨"
"1級","誡"
"1級","誑"
"1級","誥"
"1級","誦"
"1級","誚"
"1級","誣"
"1級","諄"
"1級","諍"
"1級","諂"
"1級","諚"
"1級","諫"
"1級","諳"
"1級","諤"
"1級","諱"
"1級","謔"
"1級","諠"
"1級","諢"
"1級","諷"
"1級","諞"
"1級","諛"
"1級","謌"
"1級","謇"
"1級","謚"
"1級","諡"
"1級","謖"
"1級","謐"
"1級","謗"
"1級","謠"
"1級","謳"
"1級","鞫"
"1級","謦"
"1級","謫"
"1級","謾"
"1級","謨"
"1級","譁"
"1級","譌"
"1級","譏"
"1級","譎"
"1級","證"
"1級","譖"
"1級","譛"
"1級","譚"
"1級","譫"
"1級","譟"
"1級","譬"
"1級","譯"
"1級","譴"
"1級","譽"
"1級","讀"
"1級","讌"
"1級","讎"
"1級","讒"
"1級","讓"
"1級","讖"
"1級","讙"
"1級","讚"
"1級","谺"
"1級","豁"
"1級","谿"
"1級","豈"
"1級","豌"
"1級","豎"
"1級","豐"
"1級","豕"
"1級","豢"
"1級","豬"
"1級","豸"
"1級","豺"
"1級","貂"
"1級","貉"
"1級","貅"
"1級","貊"
"1級","貍"
"1級","貎"
"1級","貔"
"1級","豼"
"1級","貘"
"1級","戝"
"1級","貭"
"1級","貽"
"1級","貲"
"1級","貳"
"1級","貮"
"1級","貶"
"1級","賈"
"1級","賁"
"1級","賤"
"1級","賣"
"1級","賚"
"1級","賽"
"1級","賺"
"1級","賻"
"1級","贄"
"1級","贅"
"1級","贊"
"1級","贇"
"1級","贏"
"1級","贍"
"1級","贐"
"1級","齎"
"1級","贓"
"1級","賍"
"1級","贔"
"1級","贖"
"1級","赧"
"1級","赭"
"1級","赱"
"1級","赳"
"1級","趁"
"1級","趙"
"1級","跂"
"1級","趾"
"1級","趺"
"1級","跏"
"1級","跚"
"1級","跖"
"1級","跌"
"1級","跛"
"1級","跋"
"1級","跪"
"1級","跫"
"1級","跟"
"1級","跣"
"1級","跼"
"1級","踈"
"1級","踉"
"1級","跿"
"1級","踝"
"1級","踞"
"1級","踐"
"1級","踟"
"1級","蹂"
"1級","踵"
"1級","踰"
"1級","踴"
"1級","蹊"
"1級","蹇"
"1級","蹉"
"1級","蹌"
"1級","蹐"
"1級","蹈"
"1級","蹙"
"1級","蹤"
"1級","蹠"
"1級","蹣"
"1級","蹕"
"1級","蹶"
"1級","蹲"
"1級","蹼"
"1級","躁"
"1級","躇"
"1級","躅"
"1級","躄"
"1級","躋"
"1級","躊"
"1級","躓"
"1級","躑"
"1級","躔"
"1級","躙"
"1級","躪"
"1級","躡"
"1級","躬"
"1級","躰"
"1級","軆"
"1級","躱"
"1級","躾"
"1級","軅"
"1級","軈"
"1級","軋"
"1級","軛"
"1級","軣"
"1級","軼"
"1級","軻"
"1級","軫"
"1級","軾"
"1級","輊"
"1級","輅"
"1級","輕"
"1級","輒"
"1級","輙"
"1級","輓"
"1級","輜"
"1級","輟"
"1級","輛"
"1級","輌"
"1級","輦"
"1級","輳"
"1級","輻"
"1級","輹"
"1級","轅"
"1級","轂"
"1級","輾"
"1級","轌"
"1級","轉"
"1級","轆"
"1級","轎"
"1級","轗"
"1級","轜"
"1級","轢"
"1級","轣"
"1級","轤"
"1級","辜"
"1級","辟"
"1級","辭"
"1級","辯"
"1級","辷"
"1級","迚"
"1級","迥"
"1級","迢"
"1級","迪"
"1級","迯"
"1級","邇"
"1級","迴"
"1級","逅"
"1級","迹"
"1級","迺"
"1級","逑"
"1級","逕"
"1級","逡"
"1級","逍"
"1級","逞"
"1級","逖"
"1級","逋"
"1級","逧"
"1級","逶"
"1級","逵"
"1級","逹"
"1級","迸"
"1級","遏"
"1級","遐"
"1級","遑"
"1級","遒"
"1級","逎"
"1級","遉"
"1級","逾"
"1級","遖"
"1級","遘"
"1級","遞"
"1級","遨"
"1級","遯"
"1級","遶"
"1級","隨"
"1級","遲"
"1級","邂"
"1級","遽"
"1級","邁"
"1級","邀"
"1級","邊"
"1級","邉"
"1級","邏"
"1級","邨"
"1級","邯"
"1級","邱"
"1級","邵"
"1級","郢"
"1級","郤"
"1級","扈"
"1級","郛"
"1級","鄂"
"1級","鄒"
"1級","鄙"
"1級","鄲"
"1級","鄰"
"1級","酊"
"1級","酖"
"1級","酘"
"1級","酣"
"1級","酥"
"1級","酩"
"1級","酳"
"1級","酲"
"1級","醋"
"1級","醉"
"1級","醂"
"1級","醢"
"1級","醫"
"1級","醯"
"1級","醪"
"1級","醵"
"1級","醴"
"1級","醺"
"1級","釀"
"1級","釁"
"1級","釉"
"1級","釋"
"1級","釐"
"1級","釖"
"1級","釟"
"1級","釡"
"1級","釛"
"1級","釼"
"1級","釵"
"1級","釶"
"1級","鈞"
"1級","釿"
"1級","鈔"
"1級","鈬"
"1級","鈕"
"1級","鈑"
"1級","鉞"
"1級","鉗"
"1級","鉅"
"1級","鉉"
"1級","鉤"
"1級","鉈"
"1級","銕"
"1級","鈿"
"1級","鉋"
"1級","鉐"
"1級","銜"
"1級","銖"
"1級","銓"
"1級","銛"
"1級","鉚"
"1級","鋏"
"1級","銹"
"1級","銷"
"1級","鋩"
"1級","錏"
"1級","鋺"
"1級","鍄"
"1級","錙"
"1級","錢"
"1級","錚"
"1級","錣"
"1級","錺"
"1級","錵"
"1級","錻"
"1級","鍜"
"1級","鍠"
"1級","鍼"
"1級","鍮"
"1級","鍖"
"1級","鎰"
"1級","鎬"
"1級","鎭"
"1級","鎔"
"1級","鎹"
"1級","鏖"
"1級","鏗"
"1級","鏨"
"1級","鏥"
"1級","鏘"
"1級","鏃"
"1級","鏝"
"1級","鏐"
"1級","鏈"
"1級","鏤"
"1級","鐚"
"1級","鐔"
"1級","鐓"
"1級","鐃"
"1級","鐇"
"1級","鐐"
"1級","鐶"
"1級","鐫"
"1級","鐵"
"1級","鐡"
"1級","鐺"
"1級","鑁"
"1級","鑒"
"1級","鑄"
"1級","鑛"
"1級","鑠"
"1級","鑢"
"1級","鑞"
"1級","鑪"
"1級","鈩"
"1級","鑰"
"1級","鑵"
"1級","鑷"
"1級","鑽"
"1級","鑚"
"1級","鑼"
"1級","鑾"
"1級","钁"
"1級","鑿"
"1級","閂"
"1級","閇"
"1級","閊"
"1級","閔"
"1級","閖"
"1級","閘"
"1級","閙"
"1級","閠"
"1級","閨"
"1級","閧"
"1級","閭"
"1級","閼"
"1級","閻"
"1級","閹"
"1級","閾"
"1級","闊"
"1級","濶"
"1級","闃"
"1級","闍"
"1級","闌"
"1級","闕"
"1級","闔"
"1級","闖"
"1級","關"
"1級","闡"
"1級","闥"
"1級","闢"
"1級","阡"
"1級","阨"
"1級","阮"
"1級","阯"
"1級","陂"
"1級","陌"
"1級","陏"
"1級","陋"
"1級","陷"
"1級","陜"
"1級","陞"
"1級","陝"
"1級","陟"
"1級","陦"
"1級","陲"
"1級","陬"
"1級","隍"
"1級","隘"
"1級","隕"
"1級","隗"
"1級","險"
"1級","隧"
"1級","隱"
"1級","隲"
"1級","隰"
"1級","隴"
"1級","隶"
"1級","隸"
"1級","隹"
"1級","雎"
"1級","雋"
"1級","雉"
"1級","雍"
"1級","襍"
"1級","雜"
"1級","霍"
"1級","雕"
"1級","雹"
"1級","霄"
"1級","霆"
"1級","霈"
"1級","霓"
"1級","霎"
"1級","霑"
"1級","霏"
"1級","霖"
"1級","霙"
"1級","霤"
"1級","霪"
"1級","霰"
"1級","霹"
"1級","霽"
"1級","霾"
"1級","靄"
"1級","靆"
"1級","靈"
"1級","靂"
"1級","靉"
"1級","靜"
"1級","靠"
"1級","靤"
"1級","靦"
"1級","靨"
"1級","勒"
"1級","靫"
"1級","靱"
"1級","靹"
"1級","鞅"
"1級","靼"
"1級","鞁"
"1級","靺"
"1級","鞆"
"1級","鞋"
"1級","鞏"
"1級","鞐"
"1級","鞜"
"1級","鞨"
"1級","鞦"
"1級","鞣"
"1級","鞳"
"1級","鞴"
"1級","韃"
"1級","韆"
"1級","韈"
"1級","韋"
"1級","韜"
"1級","韭"
"1級","齏"
"1級","韲"
"1級","竟"
"1級","韶"
"1級","韵"
"1級","頏"
"1級","頌"
"1級","頸"
"1級","頤"
"1級","頡"
"1級","頷"
"1級","頽"
"1級","顆"
"1級","顏"
"1級","顋"
"1級","顫"
"1級","顯"
"1級","顰"
"1級","顱"
"1級","顴"
"1級","顳"
"1級","颪"
"1級","颯"
"1級","颱"
"1級","颶"
"1級","飄"
"1級","飃"
"1級","飆"
"1級","飩"
"1級","飫"
"1級","餃"
"1級","餉"
"1級","餒"
"1級","餔"
"1級","餘"
"1級","餡"
"1級","餝"
"1級","餞"
"1級","餤"
"1級","餠"
"1級","餬"
"1級","餮"
"1級","餽"
"1級","餾"
"1級","饂"
"1級","饉"
"1級","饅"
"1級","饐"
"1級","饋"
"1級","饑"
"1級","饒"
"1級","饌"
"1級","饕"
"1級","馗"
"1級","馘"
"1級","馥"
"1級","馭"
"1級","馮"
"1級","馼"
"1級","駟"
"1級","駛"
"1級","駝"
"1級","駘"
"1級","駑"
"1級","駭"
"1級","駮"
"1級","駱"
"1級","駲"
"1級","駻"
"1級","駸"
"1級","騁"
"1級","騏"
"1級","騅"
"1級","駢"
"1級","騙"
"1級","騫"
"1級","騷"
"1級","驅"
"1級","驂"
"1級","驀"
"1級","驃"
"1級","騾"
"1級","驕"
"1級","驍"
"1級","驛"
"1級","驗"
"1級","驟"
"1級","驢"
"1級","驥"
"1級","驤"
"1級","驩"
"1級","驫"
"1級","驪"
"1級","骭"
"1級","骰"
"1級","骼"
"1級","髀"
"1級","髏"
"1級","髑"
"1級","髓"
"1級","體"
"1級","髞"
"1級","髟"
"1級","髢"
"1級","髣"
"1級","髦"
"1級","髯"
"1級","髫"
"1級","髮"
"1級","髴"
"1級","髱"
"1級","髷"
"1級","髻"
"1級","鬆"
"1級","鬘"
"1級","鬚"
"1級","鬟"
"1級","鬢"
"1級","鬣"
"1級","鬥"
"1級","鬧"
"1級","鬨"
"1級","鬩"
"1級","鬪"
"1級","鬮"
"1級","鬯"
"1級","鬲"
"1級","魄"
"1級","魃"
"1級","魏"
"1級","魍"
"1級","魎"
"1級","魑"
"1級","魘"
"1級","魴"
"1級","鮓"
"1級","鮃"
"1級","鮑"
"1級","鮖"
"1級","鮗"
"1級","鮟"
"1級","鮠"
"1級","鮨"
"1級","鮴"
"1級","鯀"
"1級","鯊"
"1級","鮹"
"1級","鯆"
"1級","鯏"
"1級","鯑"
"1級","鯒"
"1級","鯣"
"1級","鯢"
"1級","鯤"
"1級","鯔"
"1級","鯡"
"1級","鰺"
"1級","鯲"
"1級","鯱"
"1級","鯰"
"1級","鰕"
"1級","鰔"
"1級","鰉"
"1級","鰓"
"1級","鰌"
"1級","鰆"
"1級","鰈"
"1級","鰒"
"1級","鰊"
"1級","鰄"
"1級","鰮"
"1級","鰛"
"1級","鰥"
"1級","鰤"
"1級","鰡"
"1級","鰰"
"1級","鱇"
"1級","鰲"
"1級","鱆"
"1級","鰾"
"1級","鱚"
"1級","鱠"
"1級","鱧"
"1級","鱶"
"1級","鱸"
"1級","鳧"
"1級","鳬"
"1級","鳰"
"1級","鴉"
"1級","鴈"
"1級","鳫"
"1級","鴃"
"1級","鴆"
"1級","鴪"
"1級","鴦"
"1級","鶯"
"1級","鴣"
"1級","鴟"
"1級","鵄"
"1級","鴕"
"1級","鴒"
"1級","鵁"
"1級","鴿"
"1級","鴾"
"1級","鵆"
"1級","鵈"
"1級","鵝"
"1級","鵞"
"1級","鵤"
"1級","鵑"
"1級","鵐"
"1級","鵙"
"1級","鵲"
"1級","鶉"
"1級","鶇"
"1級","鶫"
"1級","鵯"
"1級","鵺"
"1級","鶚"
"1級","鶤"
"1級","鶩"
"1級","鶲"
"1級","鷄"
"1級","鷁"
"1級","鶻"
"1級","鶸"
"1級","鶺"
"1級","鷆"
"1級","鷏"
"1級","鷂"
"1級","鷙"
"1級","鷓"
"1級","鷸"
"1級","鷦"
"1級","鷭"
"1級","鷯"
"1級","鷽"
"1級","鸚"
"1級","鸛"
"1級","鸞"
"1級","鹵"
"1級","鹹"
"1級","鹽"
"1級","麁"
"1級","麈"
"1級","麋"
"1級","麌"
"1級","麒"
"1級","麕"
"1級","麑"
"1級","麝"
"1級","麥"
"1級","麩"
"1級","麸"
"1級","麪"
"1級","麭"
"1級","靡"
"1級","黌"
"1級","黎"
"1級","黏"
"1級","黐"
"1級","黔"
"1級","黜"
"1級","點"
"1級","黝"
"1級","黠"
"1級","黥"
"1級","黨"
"1級","黯"
"1級","黴"
"1級","黶"
"1級","黷"
"1級","黹"
"1級","黻"
"1級","黼"
"1級","黽"
"1級","鼇"
"1級","鼈"
"1級","皷"
"1級","鼕"
"1級","鼡"
"1級","鼬"
"1級","鼾"
"1級","齊"
"1級","齒"
"1級","齔"
"1級","齣"
"1級","齟"
"1級","齠"
"1級","齡"
"1級","齦"
"1級","齧"
"1級","齬"
"1級","齪"
"1級","齷"
"1級","齲"
"1級","齶"
"1級","龕"
"1級","龜"
"1級","龠"
"1級","堯"
"1級","槇"
"1級","遙"
"1級","瑤"
"1級","凜"
"1級","熙"
"unicode","CI"
"unicode","CIS"
"unicode","ExtA"
"unicode","ExtB1"
"unicode","ExtB2"
"unicode","ExtB3"
"unicode","ExtB4"
"unicode","ExtB5"
"unicode","ExtB6"
"unicode","ExtB7"
"unicode","ExtC"
"unicode","ExtD"
"unicode","ExtE"
"unicode","ExtF"
"unicode","ExtG"
"unicode","ExtH"
"unicode","ExtI"
"unicode","URO1"
"unicode","URO2"
"unicode","URO3"
"unicode","URO4"
"画数","10画"
"画数","11画"
"画数","12画"
"画数","13画"
"画数","14画"
"画数","15画"
"画数","16画"
"画数","17画"
"画数","18画"
"画数","19画"
"画数","1画"
"画数","20画"
"画数","21画"
"画数","22画"
"画数","23画"
"画数","24画"
"画数","25画"
"画数","26画"
"画数","27画"
"画数","28画"
"画数","29画"
"画数","2画"
"画数","30画"
"画数","31画"
"画数","32画"
"画数","33画"
"画数","34画"
"画数","35画〜"
"画数","3画"
"画数","4画"
"画数","5画"
"画数","6画"
"画数","7画"
"画数","8画"
"画数","9画"
"高校","亜"
"高校","尉"
"高校","逸"
"高校","姻"
"高校","韻"
"高校","渦"
"高校","浦"
"高校","疫"
"高校","謁"
"高校","猿"
"高校","凹"
"高校","翁"
"高校","寡"
"高校","禍"
"高校","稼"
"高校","蚊"
"高校","懐"
"高校","拐"
"高校","劾"
"高校","涯"
"高校","垣"
"高校","嚇"
"高校","核"
"高校","殻"
"高校","喝"
"高校","括"
"高校","渇"
"高校","褐"
"高校","轄"
"高校","且"
"高校","堪"
"高校","寛"
"高校","患"
"高校","憾"
"高校","棺"
"高校","款"
"高校","缶"
"高校","艦"
"高校","還"
"高校","閑"
"高校","陥"
"高校","頑"
"高校","飢"
"高校","偽"
"高校","宜"
"高校","擬"
"高校","窮"
"高校","糾"
"高校","拒"
"高校","享"
"高校","恭"
"高校","挟"
"高校","矯"
"高校","暁"
"高校","琴"
"高校","菌"
"高校","襟"
"高校","謹"
"高校","吟"
"高校","虞"
"高校","隅"
"高校","靴"
"高校","勲"
"高校","薫"
"高校","慶"
"高校","渓"
"高校","茎"
"高校","蛍"
"高校","傑"
"高校","嫌"
"高校","懸"
"高校","献"
"高校","謙"
"高校","顕"
"高校","弦"
"高校","呉"
"高校","碁"
"高校","侯"
"高校","江"
"高校","洪"
"高校","溝"
"高校","肯"
"高校","衡"
"高校","貢"
"高校","購"
"高校","剛"
"高校","拷"
"高校","酷"
"高校","懇"
"高校","昆"
"高校","唆"
"高校","詐"
"高校","宰"
"高校","栽"
"高校","砕"
"高校","斎"
"高校","索"
"高校","傘"
"高校","桟"
"高校","嗣"
"高校","肢"
"高校","賜"
"高校","璽"
"高校","漆"
"高校","遮"
"高校","蛇"
"高校","爵"
"高校","酌"
"高校","珠"
"高校","儒"
"高校","囚"
"高校","愁"
"高校","臭"
"高校","酬"
"高校","醜"
"高校","充"
"高校","汁"
"高校","渋"
"高校","銃"
"高校","叔"
"高校","淑"
"高校","粛"
"高校","塾"
"高校","俊"
"高校","准"
"高校","循"
"高校","殉"
"高校","庶"
"高校","緒"
"高校","叙"
"高校","償"
"高校","升"
"高校","奨"
"高校","宵"
"高校","尚"
"高校","彰"
"高校","抄"
"高校","渉"
"高校","症"
"高校","硝"
"高校","礁"
"高校","祥"
"高校","粧"
"高校","肖"
"高校","訟"
"高校","詔"
"高校","剰"
"高校","壌"
"高校","浄"
"高校","醸"
"高校","唇"
"高校","娠"
"高校","紳"
"高校","診"
"高校","刃"
"高校","甚"
"高校","迅"
"高校","酢"
"高校","帥"
"高校","睡"
"高校","崇"
"高校","枢"
"高校","据"
"高校","杉"
"高校","畝"
"高校","誓"
"高校","逝"
"高校","斉"
"高校","析"
"高校","拙"
"高校","窃"
"高校","仙"
"高校","栓"
"高校","旋"
"高校","繊"
"高校","薦"
"高校","践"
"高校","遷"
"高校","漸"
"高校","禅"
"高校","塑"
"高校","疎"
"高校","租"
"高校","喪"
"高校","壮"
"高校","捜"
"高校","挿"
"高校","曹"
"高校","槽"
"高校","荘"
"高校","藻"
"高校","霜"
"高校","堕"
"高校","妥"
"高校","惰"
"高校","駄"
"高校","泰"
"高校","濯"
"高校","但"
"高校","棚"
"高校","痴"
"高校","逐"
"高校","秩"
"高校","嫡"
"高校","衷"
"高校","弔"
"高校","懲"
"高校","挑"
"高校","眺"
"高校","勅"
"高校","朕"
"高校","津"
"高校","塚"
"高校","漬"
"高校","坪"
"高校","釣"
"高校","亭"
"高校","偵"
"高校","貞"
"高校","呈"
"高校","廷"
"高校","艇"
"高校","逓"
"高校","邸"
"高校","泥"
"高校","徹"
"高校","撤"
"高校","迭"
"高校","悼"
"高校","搭"
"高校","棟"
"高校","筒"
"高校","謄"
"高校","騰"
"高校","洞"
"高校","督"
"高校","凸"
"高校","屯"
"高校","軟"
"高校","尼"
"高校","妊"
"高校","忍"
"高校","寧"
"高校","猫"
"高校","把"
"高校","覇"
"高校","廃"
"高校","培"
"高校","媒"
"高校","賠"
"高校","伯"
"高校","舶"
"高校","漠"
"高校","肌"
"高校","鉢"
"高校","閥"
"高校","煩"
"高校","頒"
"高校","妃"
"高校","扉"
"高校","披"
"高校","罷"
"高校","賓"
"高校","頻"
"高校","瓶"
"高校","扶"
"高校","譜"
"高校","附"
"高校","侮"
"高校","沸"
"高校","憤"
"高校","雰"
"高校","丙"
"高校","併"
"高校","塀"
"高校","幣"
"高校","弊"
"高校","偏"
"高校","遍"
"高校","俸"
"高校","泡"
"高校","褒"
"高校","剖"
"高校","紡"
"高校","僕"
"高校","撲"
"高校","朴"
"高校","堀"
"高校","奔"
"高校","摩"
"高校","磨"
"高校","麻"
"高校","抹"
"高校","繭"
"高校","岬"
"高校","銘"
"高校","妄"
"高校","盲"
"高校","耗"
"高校","戻"
"高校","厄"
"高校","柳"
"高校","愉"
"高校","癒"
"高校","諭"
"高校","唯"
"高校","悠"
"高校","猶"
"高校","裕"
"高校","融"
"高校","庸"
"高校","窯"
"高校","羅"
"高校","酪"
"高校","履"
"高校","痢"
"高校","硫"
"高校","竜"
"高校","虜"
"高校","僚"
"高校","寮"
"高校","涼"
"高校","倫"
"高校","塁"
"高校","累"
"高校","鈴"
"高校","賄"
"高校","枠"
"準1級","唖"
"準1級","娃"
"準1級","阿"
"準1級","姶"
"準1級","逢"
"準1級","葵"
"準1級","茜"
"準1級","穐"
"準1級","渥"
"準1級","旭"
"準1級","葦"
"準1級","芦"
"準1級","鯵"
"準1級","梓"
"準1級","斡"
"準1級","姐"
"準1級","虻"
"準1級","飴"
"準1級","絢"
"準1級","綾"
"準1級","鮎"
"準1級","或"
"準1級","粟"
"準1級","袷"
"準1級","庵"
"準1級","按"
"準1級","鞍"
"準1級","杏"
"準1級","伊"
"準1級","夷"
"準1級","惟"
"準1級","謂"
"準1級","亥"
"準1級","郁"
"準1級","磯"
"準1級","溢"
"準1級","鰯"
"準1級","允"
"準1級","胤"
"準1級","蔭"
"準1級","吋"
"準1級","烏"
"準1級","迂"
"準1級","卯"
"準1級","鵜"
"準1級","窺"
"準1級","丑"
"準1級","碓"
"準1級","嘘"
"準1級","欝"
"準1級","蔚"
"準1級","鰻"
"準1級","姥"
"準1級","厩"
"準1級","瓜"
"準1級","閏"
"準1級","噂"
"準1級","云"
"準1級","荏"
"準1級","叡"
"準1級","嬰"
"準1級","曳"
"準1級","洩"
"準1級","瑛"
"準1級","盈"
"準1級","穎"
"準1級","頴"
"準1級","榎"
"準1級","厭"
"準1級","堰"
"準1級","奄"
"準1級","掩"
"準1級","焔"
"準1級","燕"
"準1級","苑"
"準1級","薗"
"準1級","鴛"
"準1級","於"
"準1級","甥"
"準1級","襖"
"準1級","鴬"
"準1級","鴎"
"準1級","荻"
"準1級","桶"
"準1級","牡"
"準1級","伽"
"準1級","嘉"
"準1級","珂"
"準1級","禾"
"準1級","茄"
"準1級","蝦"
"準1級","嘩"
"準1級","迦"
"準1級","霞"
"準1級","俄"
"準1級","峨"
"準1級","臥"
"準1級","蛾"
"準1級","駕"
"準1級","廻"
"準1級","恢"
"準1級","魁"
"準1級","晦"
"準1級","芥"
"準1級","蟹"
"準1級","凱"
"準1級","咳"
"準1級","碍"
"準1級","鎧"
"準1級","浬"
"準1級","馨"
"準1級","蛙"
"準1級","蛎"
"準1級","鈎"
"準1級","劃"
"準1級","廓"
"準1級","撹"
"準1級","赫"
"準1級","笠"
"準1級","樫"
"準1級","橿"
"準1級","梶"
"準1級","鰍"
"準1級","恰"
"準1級","鰹"
"準1級","叶"
"準1級","椛"
"準1級","樺"
"準1級","鞄"
"準1級","兜"
"準1級","竃"
"準1級","蒲"
"準1級","噛"
"準1級","鴨"
"準1級","栢"
"準1級","茅"
"準1級","萱"
"準1級","粥"
"準1級","苅"
"準1級","侃"
"準1級","姦"
"準1級","柑"
"準1級","桓"
"準1級","澗"
"準1級","潅"
"準1級","竿"
"準1級","翰"
"準1級","莞"
"準1級","諌"
"準1級","舘"
"準1級","巌"
"準1級","癌"
"準1級","翫"
"準1級","贋"
"準1級","雁"
"準1級","嬉"
"準1級","毅"
"準1級","稀"
"準1級","徽"
"準1級","妓"
"準1級","祇"
"準1級","蟻"
"準1級","誼"
"準1級","掬"
"準1級","鞠"
"準1級","吃"
"準1級","桔"
"準1級","橘"
"準1級","砧"
"準1級","杵"
"準1級","黍"
"準1級","仇"
"準1級","汲"
"準1級","灸"
"準1級","笈"
"準1級","渠"
"準1級","鋸"
"準1級","禦"
"準1級","亨"
"準1級","侠"
"準1級","僑"
"準1級","兇"
"準1級","匡"
"準1級","卿"
"準1級","喬"
"準1級","彊"
"準1級","怯"
"準1級","蕎"
"準1級","饗"
"準1級","尭"
"準1級","桐"
"準1級","粁"
"準1級","欣"
"準1級","欽"
"準1級","禽"
"準1級","芹"
"準1級","衿"
"準1級","倶"
"準1級","狗"
"準1級","玖"
"準1級","矩"
"準1級","躯"
"準1級","駈"
"準1級","喰"
"準1級","寓"
"準1級","櫛"
"準1級","釧"
"準1級","屑"
"準1級","沓"
"準1級","轡"
"準1級","窪"
"準1級","隈"
"準1級","粂"
"準1級","栗"
"準1級","鍬"
"準1級","卦"
"準1級","袈"
"準1級","祁"
"準1級","圭"
"準1級","珪"
"準1級","慧"
"準1級","桂"
"準1級","畦"
"準1級","繋"
"準1級","罫"
"準1級","荊"
"準1級","頚"
"準1級","戟"
"準1級","訣"
"準1級","倦"
"準1級","喧"
"準1級","捲"
"準1級","牽"
"準1級","硯"
"準1級","鹸"
"準1級","絃"
"準1級","諺"
"準1級","乎"
"準1級","姑"
"準1級","狐"
"準1級","糊"
"準1級","袴"
"準1級","胡"
"準1級","菰"
"準1級","跨"
"準1級","鈷"
"準1級","伍"
"準1級","吾"
"準1級","梧"
"準1級","檎"
"準1級","瑚"
"準1級","醐"
"準1級","鯉"
"準1級","佼"
"準1級","倖"
"準1級","垢"
"準1級","宏"
"準1級","巷"
"準1級","庚"
"準1級","弘"
"準1級","昂"
"準1級","晃"
"準1級","杭"
"準1級","浩"
"準1級","糠"
"準1級","紘"
"準1級","肱"
"準1級","腔"
"準1級","膏"
"準1級","砿"
"準1級","閤"
"準1級","鴻"
"準1級","劫"
"準1級","壕"
"準1級","濠"
"準1級","轟"
"準1級","麹"
"準1級","鵠"
"準1級","漉"
"準1級","甑"
"準1級","忽"
"準1級","惚"
"準1級","狛"
"準1級","此"
"準1級","坤"
"準1級","昏"
"準1級","梱"
"準1級","艮"
"準1級","些"
"準1級","叉"
"準1級","嵯"
"準1級","瑳"
"準1級","裟"
"準1級","坐"
"準1級","哉"
"準1級","犀"
"準1級","砦"
"準1級","冴"
"準1級","堺"
"準1級","榊"
"準1級","肴"
"準1級","碕"
"準1級","鷺"
"準1級","咋"
"準1級","朔"
"準1級","窄"
"準1級","鮭"
"準1級","笹"
"準1級","匙"
"準1級","薩"
"準1級","皐"
"準1級","鯖"
"準1級","捌"
"準1級","錆"
"準1級","鮫"
"準1級","晒"
"準1級","撒"
"準1級","燦"
"準1級","珊"
"準1級","纂"
"準1級","讃"
"準1級","餐"
"準1級","仔"
"準1級","屍"
"準1級","孜"
"準1級","斯"
"準1級","獅"
"準1級","爾"
"準1級","痔"
"準1級","而"
"準1級","蒔"
"準1級","汐"
"準1級","鴫"
"準1級","竺"
"準1級","宍"
"準1級","雫"
"準1級","悉"
"準1級","蔀"
"準1級","篠"
"準1級","偲"
"準1級","柴"
"準1級","屡"
"準1級","蕊"
"準1級","縞"
"準1級","紗"
"準1級","勺"
"準1級","杓"
"準1級","灼"
"準1級","錫"
"準1級","惹"
"準1級","綬"
"準1級","洲"
"準1級","繍"
"準1級","蒐"
"準1級","讐"
"準1級","輯"
"準1級","酋"
"準1級","什"
"準1級","戎"
"準1級","夙"
"準1級","峻"
"準1級","竣"
"準1級","舜"
"準1級","駿"
"準1級","楯"
"準1級","淳"
"準1級","醇"
"準1級","曙"
"準1級","渚"
"準1級","薯"
"準1級","藷"
"準1級","恕"
"準1級","鋤"
"準1級","哨"
"準1級","嘗"
"準1級","妾"
"準1級","娼"
"準1級","庄"
"準1級","廠"
"準1級","捷"
"準1級","昌"
"準1級","梢"
"準1級","樟"
"準1級","樵"
"準1級","湘"
"準1級","菖"
"準1級","蒋"
"準1級","蕉"
"準1級","裳"
"準1級","醤"
"準1級","鉦"
"準1級","鍾"
"準1級","鞘"
"準1級","丞"
"準1級","擾"
"準1級","杖"
"準1級","穣"
"準1級","埴"
"準1級","燭"
"準1級","蝕"
"準1級","晋"
"準1級","榛"
"準1級","疹"
"準1級","秦"
"準1級","塵"
"準1級","壬"
"準1級","訊"
"準1級","靭"
"準1級","笥"
"準1級","諏"
"準1級","厨"
"準1級","逗"
"準1級","翠"
"準1級","錐"
"準1級","錘"
"準1級","瑞"
"準1級","嵩"
"準1級","趨"
"準1級","雛"
"準1級","椙"
"準1級","菅"
"準1級","頗"
"準1級","雀"
"準1級","摺"
"準1級","棲"
"準1級","栖"
"準1級","脆"
"準1級","蹟"
"準1級","碩"
"準1級","蝉"
"準1級","尖"
"準1級","撰"
"準1級","栴"
"準1級","煽"
"準1級","穿"
"準1級","箭"
"準1級","舛"
"準1級","賎"
"準1級","銑"
"準1級","閃"
"準1級","糎"
"準1級","噌"
"準1級","岨"
"準1級","曾"
"準1級","楚"
"準1級","疏"
"準1級","蘇"
"準1級","鼠"
"準1級","叢"
"準1級","宋"
"準1級","匝"
"準1級","惣"
"準1級","掻"
"準1級","槍"
"準1級","漕"
"準1級","糟"
"準1級","綜"
"準1級","聡"
"準1級","蒼"
"準1級","鎗"
"準1級","其"
"準1級","揃"
"準1級","詑"
"準1級","柁"
"準1級","舵"
"準1級","楕"
"準1級","陀"
"準1級","騨"
"準1級","岱"
"準1級","腿"
"準1級","苔"
"準1級","黛"
"準1級","鯛"
"準1級","醍"
"準1級","鷹"
"準1級","瀧"
"準1級","啄"
"準1級","托"
"準1級","琢"
"準1級","鐸"
"準1級","茸"
"準1級","凧"
"準1級","蛸"
"準1級","只"
"準1級","叩"
"準1級","辰"
"準1級","巽"
"準1級","竪"
"準1級","辿"
"準1級","狸"
"準1級","鱈"
"準1級","樽"
"準1級","坦"
"準1級","歎"
"準1級","湛"
"準1級","箪"
"準1級","耽"
"準1級","蛋"
"準1級","檀"
"準1級","弛"
"準1級","智"
"準1級","蜘"
"準1級","馳"
"準1級","筑"
"準1級","註"
"準1級","樗"
"準1級","瀦"
"準1級","猪"
"準1級","苧"
"準1級","凋"
"準1級","喋"
"準1級","寵"
"準1級","帖"
"準1級","暢"
"準1級","牒"
"準1級","脹"
"準1級","蝶"
"準1級","諜"
"準1級","銚"
"準1級","槌"
"準1級","鎚"
"準1級","栂"
"準1級","掴"
"準1級","槻"
"準1級","佃"
"準1級","柘"
"準1級","辻"
"準1級","蔦"
"準1級","綴"
"準1級","鍔"
"準1級","椿"
"準1級","壷"
"準1級","嬬"
"準1級","紬"
"準1級","吊"
"準1級","剃"
"準1級","悌"
"準1級","挺"
"準1級","梯"
"準1級","汀"
"準1級","碇"
"準1級","禎"
"準1級","蹄"
"準1級","鄭"
"準1級","釘"
"準1級","鼎"
"準1級","擢"
"準1級","鏑"
"準1級","轍"
"準1級","填"
"準1級","纏"
"準1級","甜"
"準1級","顛"
"準1級","澱"
"準1級","兎"
"準1級","堵"
"準1級","屠"
"準1級","杜"
"準1級","菟"
"準1級","鍍"
"準1級","砥"
"準1級","砺"
"準1級","塘"
"準1級","套"
"準1級","宕"
"準1級","嶋"
"準1級","梼"
"準1級","淘"
"準1級","涛"
"準1級","燈"
"準1級","祷"
"準1級","董"
"準1級","蕩"
"準1級","鐙"
"準1級","撞"
"準1級","萄"
"準1級","鴇"
"準1級","涜"
"準1級","禿"
"準1級","橡"
"準1級","椴"
"準1級","鳶"
"準1級","苫"
"準1級","寅"
"準1級","酉"
"準1級","瀞"
"準1級","噸"
"準1級","惇"
"準1級","敦"
"準1級","沌"
"準1級","遁"
"準1級","呑"
"準1級","乍"
"準1級","凪"
"準1級","薙"
"準1級","灘"
"準1級","捺"
"準1級","楢"
"準1級","馴"
"準1級","畷"
"準1級","楠"
"準1級","汝"
"準1級","迩"
"準1級","賑"
"準1級","廿"
"準1級","韮"
"準1級","濡"
"準1級","禰"
"準1級","祢"
"準1級","葱"
"準1級","撚"
"準1級","乃"
"準1級","廼"
"準1級","之"
"準1級","埜"
"準1級","嚢"
"準1級","膿"
"準1級","覗"
"準1級","蚤"
"準1級","巴"
"準1級","播"
"準1級","杷"
"準1級","琶"
"準1級","芭"
"準1級","盃"
"準1級","牌"
"準1級","楳"
"準1級","煤"
"準1級","狽"
"準1級","這"
"準1級","蝿"
"準1級","秤"
"準1級","矧"
"準1級","萩"
"準1級","剥"
"準1級","柏"
"準1級","箔"
"準1級","粕"
"準1級","曝"
"準1級","莫"
"準1級","駁"
"準1級","函"
"準1級","硲"
"準1級","肇"
"準1級","筈"
"準1級","櫨"
"準1級","幡"
"準1級","畠"
"準1級","溌"
"準1級","醗"
"準1級","筏"
"準1級","鳩"
"準1級","噺"
"準1級","塙"
"準1級","蛤"
"準1級","隼"
"準1級","叛"
"準1級","釆"
"準1級","挽"
"準1級","磐"
"準1級","蕃"
"準1級","匪"
"準1級","庇"
"準1級","斐"
"準1級","緋"
"準1級","誹"
"準1級","樋"
"準1級","簸"
"準1級","枇"
"準1級","毘"
"準1級","琵"
"準1級","柊"
"準1級","稗"
"準1級","疋"
"準1級","髭"
"準1級","彦"
"準1級","菱"
"準1級","弼"
"準1級","畢"
"準1級","逼"
"準1級","桧"
"準1級","紐"
"準1級","謬"
"準1級","彪"
"準1級","瓢"
"準1級","豹"
"準1級","廟"
"準1級","錨"
"準1級","鋲"
"準1級","蒜"
"準1級","蛭"
"準1級","鰭"
"準1級","彬"
"準1級","斌"
"準1級","瀕"
"準1級","埠"
"準1級","冨"
"準1級","斧"
"準1級","芙"
"準1級","撫"
"準1級","葡"
"準1級","蕪"
"準1級","楓"
"準1級","葺"
"準1級","蕗"
"準1級","淵"
"準1級","弗"
"準1級","鮒"
"準1級","吻"
"準1級","扮"
"準1級","焚"
"準1級","糞"
"準1級","頁"
"準1級","僻"
"準1級","碧"
"準1級","瞥"
"準1級","箆"
"準1級","篇"
"準1級","娩"
"準1級","鞭"
"準1級","鋪"
"準1級","圃"
"準1級","甫"
"準1級","輔"
"準1級","戊"
"準1級","菩"
"準1級","呆"
"準1級","峯"
"準1級","庖"
"準1級","捧"
"準1級","朋"
"準1級","烹"
"準1級","萌"
"準1級","蓬"
"準1級","鋒"
"準1級","鳳"
"準1級","鵬"
"準1級","鉾"
"準1級","吠"
"準1級","頬"
"準1級","卜"
"準1級","穆"
"準1級","釦"
"準1級","殆"
"準1級","幌"
"準1級","哩"
"準1級","槙"
"準1級","鮪"
"準1級","柾"
"準1級","鱒"
"準1級","桝"
"準1級","亦"
"準1級","俣"
"準1級","沫"
"準1級","迄"
"準1級","侭"
"準1級","麿"
"準1級","蔓"
"準1級","巳"
"準1級","箕"
"準1級","湊"
"準1級","蓑"
"準1級","稔"
"準1級","粍"
"準1級","牟"
"準1級","鵡"
"準1級","椋"
"準1級","姪"
"準1級","牝"
"準1級","棉"
"準1級","緬"
"準1級","摸"
"準1級","孟"
"準1級","蒙"
"準1級","儲"
"準1級","杢"
"準1級","勿"
"準1級","尤"
"準1級","籾"
"準1級","貰"
"準1級","悶"
"準1級","匁"
"準1級","也"
"準1級","爺"
"準1級","耶"
"準1級","靖"
"準1級","薮"
"準1級","鑓"
"準1級","愈"
"準1級","佑"
"準1級","宥"
"準1級","揖"
"準1級","柚"
"準1級","涌"
"準1級","猷"
"準1級","祐"
"準1級","邑"
"準1級","輿"
"準1級","傭"
"準1級","楊"
"準1級","熔"
"準1級","耀"
"準1級","蓉"
"準1級","遥"
"準1級","慾"
"準1級","淀"
"準1級","螺"
"準1級","莱"
"準1級","洛"
"準1級","蘭"
"準1級","李"
"準1級","裡"
"準1級","葎"
"準1級","掠"
"準1級","劉"
"準1級","溜"
"準1級","琉"
"準1級","龍"
"準1級","亮"
"準1級","凌"
"準1級","梁"
"準1級","稜"
"準1級","諒"
"準1級","遼"
"準1級","淋"
"準1級","燐"
"準1級","琳"
"準1級","鱗"
"準1級","麟"
"準1級","伶"
"準1級","嶺"
"準1級","怜"
"準1級","玲"
"準1級","苓"
"準1級","憐"
"準1級","漣"
"準1級","煉"
"準1級","簾"
"準1級","聯"
"準1級","蓮"
"準1級","魯"
"準1級","櫓"
"準1級","婁"
"準1級","榔"
"準1級","牢"
"準1級","狼"
"準1級","篭"
"準1級","聾"
"準1級","蝋"
"準1級","禄"
"準1級","肋"
"準1級","倭"
"準1級","歪"
"準1級","鷲"
"準1級","亙"
"準1級","亘"
"準1級","鰐"
"準1級","詫"
"準1級","藁"
"準1級","蕨"
"準1級","椀"
"準1級","碗"
"小1","一"
"小1","右"
"小1","雨"
"小1","円"
"小1","王"
"小1","音"
"小1","下"
"小1","火"
"小1","花"
"小1","貝"
"小1","学"
"小1","気"
"小1","休"
"小1","玉"
"小1","金"
"小1","九"
"小1","空"
"小1","月"
"小1","犬"
"小1","見"
"小1","五"
"小1","口"
"小1","校"
"小1","左"
"小1","三"
"小1","山"
"小1","四"
"小1","子"
"小1","糸"
"小1","字"
"小1","耳"
"小1","七"
"小1","車"
"小1","手"
"小1","十"
"小1","出"
"小1","女"
"小1","小"
"小1","上"
"小1","森"
"小1","人"
"小1","水"
"小1","正"
"小1","生"
"小1","青"
"小1","石"
"小1","赤"
"小1","先"
"小1","千"
"小1","川"
"小1","早"
"小1","草"
"小1","足"
"小1","村"
"小1","大"
"小1","男"
"小1","竹"
"小1","中"
"小1","虫"
"小1","町"
"小1","天"
"小1","田"
"小1","土"
"小1","二"
"小1","日"
"小1","入"
"小1","年"
"小1","白"
"小1","八"
"小1","百"
"小1","文"
"小1","本"
"小1","名"
"小1","木"
"小1","目"
"小1","夕"
"小1","立"
"小1","力"
"小1","林"
"小1","六"
"小2","引"
"小2","羽"
"小2","雲"
"小2","園"
"小2","遠"
"小2","黄"
"小2","何"
"小2","夏"
"小2","家"
"小2","科"
"小2","歌"
"小2","画"
"小2","会"
"小2","回"
"小2","海"
"小2","絵"
"小2","外"
"小2","角"
"小2","楽"
"小2","活"
"小2","間"
"小2","丸"
"小2","岩"
"小2","顔"
"小2","帰"
"小2","汽"
"小2","記"
"小2","弓"
"小2","牛"
"小2","魚"
"小2","京"
"小2","強"
"小2","教"
"小2","近"
"小2","兄"
"小2","形"
"小2","計"
"小2","元"
"小2","原"
"小2","言"
"小2","古"
"小2","戸"
"小2","午"
"小2","後"
"小2","語"
"小2","交"
"小2","光"
"小2","公"
"小2","工"
"小2","広"
"小2","考"
"小2","行"
"小2","高"
"小2","合"
"小2","国"
"小2","黒"
"小2","今"
"小2","才"
"小2","細"
"小2","作"
"小2","算"
"小2","姉"
"小2","市"
"小2","思"
"小2","止"
"小2","紙"
"小2","寺"
"小2","時"
"小2","自"
"小2","室"
"小2","社"
"小2","弱"
"小2","首"
"小2","秋"
"小2","週"
"小2","春"
"小2","書"
"小2","少"
"小2","場"
"小2","色"
"小2","食"
"小2","心"
"小2","新"
"小2","親"
"小2","図"
"小2","数"
"小2","星"
"小2","晴"
"小2","声"
"小2","西"
"小2","切"
"小2","雪"
"小2","線"
"小2","船"
"小2","前"
"小2","組"
"小2","走"
"小2","多"
"小2","太"
"小2","体"
"小2","台"
"小2","谷"
"小2","知"
"小2","地"
"小2","池"
"小2","茶"
"小2","昼"
"小2","朝"
"小2","長"
"小2","鳥"
"小2","直"
"小2","通"
"小2","弟"
"小2","店"
"小2","点"
"小2","電"
"小2","冬"
"小2","刀"
"小2","東"
"小2","当"
"小2","答"
"小2","頭"
"小2","同"
"小2","道"
"小2","読"
"小2","内"
"小2","南"
"小2","肉"
"小2","馬"
"小2","買"
"小2","売"
"小2","麦"
"小2","半"
"小2","番"
"小2","父"
"小2","風"
"小2","分"
"小2","聞"
"小2","米"
"小2","歩"
"小2","母"
"小2","方"
"小2","北"
"小2","妹"
"小2","毎"
"小2","万"
"小2","明"
"小2","鳴"
"小2","毛"
"小2","門"
"小2","夜"
"小2","野"
"小2","矢"
"小2","友"
"小2","曜"
"小2","用"
"小2","来"
"小2","理"
"小2","里"
"小2","話"
"小3","悪"
"小3","安"
"小3","暗"
"小3","委"
"小3","意"
"小3","医"
"小3","育"
"小3","員"
"小3","飲"
"小3","院"
"小3","運"
"小3","泳"
"小3","駅"
"小3","央"
"小3","横"
"小3","屋"
"小3","温"
"小3","化"
"小3","荷"
"小3","界"
"小3","開"
"小3","階"
"小3","寒"
"小3","感"
"小3","漢"
"小3","館"
"小3","岸"
"小3","期"
"小3","起"
"小3","客"
"小3","宮"
"小3","急"
"小3","球"
"小3","究"
"小3","級"
"小3","去"
"小3","橋"
"小3","業"
"小3","局"
"小3","曲"
"小3","銀"
"小3","区"
"小3","苦"
"小3","具"
"小3","君"
"小3","係"
"小3","軽"
"小3","決"
"小3","血"
"小3","研"
"小3","県"
"小3","庫"
"小3","湖"
"小3","向"
"小3","幸"
"小3","港"
"小3","号"
"小3","根"
"小3","祭"
"小3","坂"
"小3","皿"
"小3","仕"
"小3","使"
"小3","始"
"小3","指"
"小3","死"
"小3","詩"
"小3","歯"
"小3","事"
"小3","持"
"小3","次"
"小3","式"
"小3","実"
"小3","写"
"小3","者"
"小3","主"
"小3","取"
"小3","守"
"小3","酒"
"小3","受"
"小3","州"
"小3","拾"
"小3","終"
"小3","習"
"小3","集"
"小3","住"
"小3","重"
"小3","宿"
"小3","所"
"小3","暑"
"小3","助"
"小3","勝"
"小3","商"
"小3","昭"
"小3","消"
"小3","章"
"小3","乗"
"小3","植"
"小3","深"
"小3","申"
"小3","真"
"小3","神"
"小3","身"
"小3","進"
"小3","世"
"小3","整"
"小3","昔"
"小3","全"
"小3","想"
"小3","相"
"小3","送"
"小3","息"
"小3","速"
"小3","族"
"小3","他"
"小3","打"
"小3","対"
"小3","待"
"小3","代"
"小3","第"
"小3","題"
"小3","炭"
"小3","短"
"小3","談"
"小3","着"
"小3","柱"
"小3","注"
"小3","丁"
"小3","帳"
"小3","調"
"小3","追"
"小3","定"
"小3","庭"
"小3","笛"
"小3","鉄"
"小3","転"
"小3","登"
"小3","都"
"小3","度"
"小3","島"
"小3","投"
"小3","湯"
"小3","等"
"小3","豆"
"小3","動"
"小3","童"
"小3","農"
"小3","波"
"小3","配"
"小3","倍"
"小3","箱"
"小3","畑"
"小3","発"
"小3","反"
"小3","板"
"小3","悲"
"小3","皮"
"小3","美"
"小3","鼻"
"小3","筆"
"小3","氷"
"小3","表"
"小3","病"
"小3","秒"
"小3","品"
"小3","負"
"小3","部"
"小3","服"
"小3","福"
"小3","物"
"小3","平"
"小3","返"
"小3","勉"
"小3","放"
"小3","味"
"小3","命"
"小3","面"
"小3","問"
"小3","役"
"小3","薬"
"小3","油"
"小3","有"
"小3","由"
"小3","遊"
"小3","予"
"小3","様"
"小3","洋"
"小3","羊"
"小3","葉"
"小3","陽"
"小3","落"
"小3","流"
"小3","旅"
"小3","両"
"小3","緑"
"小3","礼"
"小3","列"
"小3","練"
"小3","路"
"小3","和"
"小4","愛"
"小4","案"
"小4","以"
"小4","位"
"小4","衣"
"小4","井"
"小4","茨"
"小4","印"
"小4","栄"
"小4","英"
"小4","塩"
"小4","岡"
"小4","沖"
"小4","億"
"小4","加"
"小4","果"
"小4","課"
"小4","貨"
"小4","芽"
"小4","賀"
"小4","改"
"小4","械"
"小4","害"
"小4","街"
"小4","各"
"小4","覚"
"小4","潟"
"小4","完"
"小4","官"
"小4","管"
"小4","観"
"小4","関"
"小4","願"
"小4","器"
"小4","岐"
"小4","希"
"小4","旗"
"小4","機"
"小4","季"
"小4","議"
"小4","求"
"小4","泣"
"小4","給"
"小4","挙"
"小4","漁"
"小4","競"
"小4","共"
"小4","協"
"小4","鏡"
"小4","極"
"小4","熊"
"小4","訓"
"小4","群"
"小4","軍"
"小4","郡"
"小4","径"
"小4","景"
"小4","芸"
"小4","欠"
"小4","結"
"小4","健"
"小4","建"
"小4","験"
"小4","固"
"小4","候"
"小4","功"
"小4","好"
"小4","康"
"小4","香"
"小4","佐"
"小4","差"
"小4","最"
"小4","菜"
"小4","材"
"小4","阪"
"小4","崎"
"小4","埼"
"小4","昨"
"小4","刷"
"小4","察"
"小4","札"
"小4","参"
"小4","散"
"小4","産"
"小4","残"
"小4","司"
"小4","氏"
"小4","試"
"小4","児"
"小4","滋"
"小4","治"
"小4","辞"
"小4","鹿"
"小4","失"
"小4","借"
"小4","種"
"小4","周"
"小4","祝"
"小4","順"
"小4","初"
"小4","唱"
"小4","松"
"小4","焼"
"小4","照"
"小4","省"
"小4","笑"
"小4","城"
"小4","信"
"小4","臣"
"小4","成"
"小4","清"
"小4","静"
"小4","席"
"小4","積"
"小4","折"
"小4","節"
"小4","説"
"小4","戦"
"小4","浅"
"小4","選"
"小4","然"
"小4","倉"
"小4","巣"
"小4","争"
"小4","側"
"小4","束"
"小4","続"
"小4","卒"
"小4","孫"
"小4","帯"
"小4","隊"
"小4","達"
"小4","単"
"小4","置"
"小4","仲"
"小4","兆"
"小4","低"
"小4","底"
"小4","的"
"小4","典"
"小4","伝"
"小4","徒"
"小4","努"
"小4","灯"
"小4","働"
"小4","徳"
"小4","特"
"小4","栃"
"小4","奈"
"小4","縄"
"小4","熱"
"小4","念"
"小4","敗"
"小4","梅"
"小4","博"
"小4","飯"
"小4","飛"
"小4","必"
"小4","媛"
"小4","標"
"小4","票"
"小4","不"
"小4","付"
"小4","夫"
"小4","富"
"小4","府"
"小4","阜"
"小4","副"
"小4","兵"
"小4","別"
"小4","変"
"小4","辺"
"小4","便"
"小4","包"
"小4","法"
"小4","望"
"小4","牧"
"小4","末"
"小4","満"
"小4","未"
"小4","民"
"小4","無"
"小4","約"
"小4","勇"
"小4","要"
"小4","養"
"小4","浴"
"小4","利"
"小4","梨"
"小4","陸"
"小4","料"
"小4","良"
"小4","量"
"小4","輪"
"小4","類"
"小4","令"
"小4","例"
"小4","冷"
"小4","連"
"小4","労"
"小4","老"
"小4","録"
"小5","圧"
"小5","囲"
"小5","易"
"小5","移"
"小5","因"
"小5","営"
"小5","永"
"小5","衛"
"小5","液"
"小5","益"
"小5","演"
"小5","往"
"小5","応"
"小5","仮"
"小5","価"
"小5","可"
"小5","河"
"小5","過"
"小5","解"
"小5","快"
"小5","格"
"小5","確"
"小5","額"
"小5","刊"
"小5","幹"
"小5","慣"
"小5","眼"
"小5","喜"
"小5","基"
"小5","寄"
"小5","紀"
"小5","規"
"小5","技"
"小5","義"
"小5","逆"
"小5","久"
"小5","救"
"小5","旧"
"小5","居"
"小5","許"
"小5","境"
"小5","興"
"小5","均"
"小5","禁"
"小5","句"
"小5","型"
"小5","経"
"小5","潔"
"小5","件"
"小5","検"
"小5","険"
"小5","減"
"小5","現"
"小5","限"
"小5","個"
"小5","故"
"小5","護"
"小5","効"
"小5","厚"
"小5","構"
"小5","耕"
"小5","航"
"小5","講"
"小5","鉱"
"小5","告"
"小5","混"
"小5","査"
"小5","再"
"小5","妻"
"小5","採"
"小5","災"
"小5","際"
"小5","在"
"小5","罪"
"小5","財"
"小5","桜"
"小5","殺"
"小5","雑"
"小5","賛"
"小5","酸"
"小5","史"
"小5","士"
"小5","師"
"小5","志"
"小5","支"
"小5","枝"
"小5","資"
"小5","飼"
"小5","似"
"小5","示"
"小5","識"
"小5","質"
"小5","舎"
"小5","謝"
"小5","授"
"小5","修"
"小5","術"
"小5","述"
"小5","準"
"小5","序"
"小5","招"
"小5","証"
"小5","象"
"小5","賞"
"小5","常"
"小5","情"
"小5","条"
"小5","状"
"小5","織"
"小5","職"
"小5","制"
"小5","勢"
"小5","性"
"小5","政"
"小5","精"
"小5","製"
"小5","税"
"小5","績"
"小5","責"
"小5","接"
"小5","設"
"小5","絶"
"小5","祖"
"小5","素"
"小5","総"
"小5","像"
"小5","増"
"小5","造"
"小5","則"
"小5","測"
"小5","属"
"小5","損"
"小5","態"
"小5","貸"
"小5","団"
"小5","断"
"小5","築"
"小5","貯"
"小5","張"
"小5","停"
"小5","提"
"小5","程"
"小5","適"
"小5","統"
"小5","堂"
"小5","導"
"小5","銅"
"小5","得"
"小5","毒"
"小5","独"
"小5","任"
"小5","燃"
"小5","能"
"小5","破"
"小5","判"
"小5","版"
"小5","犯"
"小5","比"
"小5","肥"
"小5","費"
"小5","非"
"小5","備"
"小5","評"
"小5","貧"
"小5","婦"
"小5","布"
"小5","武"
"小5","復"
"小5","複"
"小5","仏"
"小5","粉"
"小5","編"
"小5","弁"
"小5","保"
"小5","墓"
"小5","報"
"小5","豊"
"小5","暴"
"小5","貿"
"小5","防"
"小5","脈"
"小5","務"
"小5","夢"
"小5","迷"
"小5","綿"
"小5","輸"
"小5","余"
"小5","容"
"小5","率"
"小5","略"
"小5","留"
"小5","領"
"小5","歴"
"小6","異"
"小6","胃"
"小6","遺"
"小6","域"
"小6","宇"
"小6","映"
"小6","延"
"小6","沿"
"小6","恩"
"小6","我"
"小6","灰"
"小6","拡"
"小6","閣"
"小6","革"
"小6","割"
"小6","株"
"小6","巻"
"小6","干"
"小6","看"
"小6","簡"
"小6","危"
"小6","揮"
"小6","机"
"小6","貴"
"小6","疑"
"小6","吸"
"小6","供"
"小6","胸"
"小6","郷"
"小6","勤"
"小6","筋"
"小6","敬"
"小6","系"
"小6","警"
"小6","劇"
"小6","激"
"小6","穴"
"小6","券"
"小6","憲"
"小6","権"
"小6","絹"
"小6","厳"
"小6","源"
"小6","呼"
"小6","己"
"小6","誤"
"小6","后"
"小6","孝"
"小6","皇"
"小6","紅"
"小6","鋼"
"小6","降"
"小6","刻"
"小6","穀"
"小6","骨"
"小6","困"
"小6","砂"
"小6","座"
"小6","済"
"小6","裁"
"小6","策"
"小6","冊"
"小6","蚕"
"小6","姿"
"小6","私"
"小6","至"
"小6","視"
"小6","詞"
"小6","誌"
"小6","磁"
"小6","射"
"小6","捨"
"小6","尺"
"小6","若"
"小6","樹"
"小6","収"
"小6","宗"
"小6","就"
"小6","衆"
"小6","従"
"小6","縦"
"小6","縮"
"小6","熟"
"小6","純"
"小6","処"
"小6","署"
"小6","諸"
"小6","除"
"小6","傷"
"小6","将"
"小6","承"
"小6","障"
"小6","蒸"
"小6","針"
"小6","仁"
"小6","垂"
"小6","推"
"小6","寸"
"小6","盛"
"小6","聖"
"小6","誠"
"小6","舌"
"小6","宣"
"小6","専"
"小6","泉"
"小6","洗"
"小6","染"
"小6","銭"
"小6","善"
"小6","創"
"小6","奏"
"小6","層"
"小6","操"
"小6","窓"
"小6","装"
"小6","臓"
"小6","蔵"
"小6","存"
"小6","尊"
"小6","退"
"小6","宅"
"小6","担"
"小6","探"
"小6","誕"
"小6","暖"
"小6","段"
"小6","値"
"小6","宙"
"小6","忠"
"小6","著"
"小6","庁"
"小6","潮"
"小6","腸"
"小6","頂"
"小6","賃"
"小6","痛"
"小6","敵"
"小6","展"
"小6","党"
"小6","糖"
"小6","討"
"小6","届"
"小6","難"
"小6","乳"
"小6","認"
"小6","納"
"小6","脳"
"小6","派"
"小6","俳"
"小6","拝"
"小6","背"
"小6","肺"
"小6","班"
"小6","晩"
"小6","否"
"小6","批"
"小6","秘"
"小6","俵"
"小6","腹"
"小6","奮"
"小6","並"
"小6","閉"
"小6","陛"
"小6","片"
"小6","補"
"小6","暮"
"小6","宝"
"小6","訪"
"小6","亡"
"小6","忘"
"小6","棒"
"小6","枚"
"小6","幕"
"小6","密"
"小6","盟"
"小6","模"
"小6","訳"
"小6","優"
"小6","郵"
"小6","預"
"小6","幼"
"小6","欲"
"小6","翌"
"小6","乱"
"小6","卵"
"小6","覧"
"小6","裏"
"小6","律"
"小6","臨"
"小6","朗"
"小6","論"
"常用","亜"
"常用","挨"
"常用","宛"
"常用","闇"
"常用","尉"
"常用","椅"
"常用","畏"
"常用","萎"
"常用","逸"
"常用","茨"
"常用","咽"
"常用","姻"
"常用","淫"
"常用","韻"
"常用","臼"
"常用","渦"
"常用","唄"
"常用","浦"
"常用","餌"
"常用","疫"
"常用","謁"
"常用","怨"
"常用","猿"
"常用","艶"
"常用","凹"
"常用","旺"
"常用","翁"
"常用","岡"
"常用","臆"
"常用","俺"
"常用","寡"
"常用","禍"
"常用","稼"
"常用","苛"
"常用","蚊"
"常用","牙"
"常用","懐"
"常用","拐"
"常用","劾"
"常用","崖"
"常用","涯"
"常用","蓋"
"常用","骸"
"常用","垣"
"常用","柿"
"常用","嚇"
"常用","核"
"常用","殻"
"常用","顎"
"常用","潟"
"常用","喝"
"常用","括"
"常用","渇"
"常用","葛"
"常用","褐"
"常用","轄"
"常用","且"
"常用","釜"
"常用","鎌"
"常用","瓦"
"常用","堪"
"常用","寛"
"常用","患"
"常用","憾"
"常用","棺"
"常用","款"
"常用","缶"
"常用","艦"
"常用","還"
"常用","閑"
"常用","陥"
"常用","韓"
"常用","玩"
"常用","頑"
"常用","伎"
"常用","畿"
"常用","飢"
"常用","亀"
"常用","偽"
"常用","宜"
"常用","擬"
"常用","窮"
"常用","糾"
"常用","拒"
"常用","享"
"常用","恭"
"常用","挟"
"常用","矯"
"常用","暁"
"常用","僅"
"常用","巾"
"常用","錦"
"常用","琴"
"常用","菌"
"常用","襟"
"常用","謹"
"常用","吟"
"常用","駒"
"常用","虞"
"常用","隅"
"常用","串"
"常用","窟"
"常用","靴"
"常用","熊"
"常用","勲"
"常用","薫"
"常用","慶"
"常用","渓"
"常用","稽"
"常用","茎"
"常用","蛍"
"常用","詣"
"常用","隙"
"常用","桁"
"常用","傑"
"常用","嫌"
"常用","懸"
"常用","拳"
"常用","献"
"常用","謙"
"常用","鍵"
"常用","顕"
"常用","弦"
"常用","舷"
"常用","股"
"常用","虎"
"常用","呉"
"常用","碁"
"常用","乞"
"常用","侯"
"常用","勾"
"常用","喉"
"常用","梗"
"常用","江"
"常用","洪"
"常用","溝"
"常用","肯"
"常用","衡"
"常用","貢"
"常用","購"
"常用","剛"
"常用","拷"
"常用","酷"
"常用","頃"
"常用","懇"
"常用","昆"
"常用","痕"
"常用","佐"
"常用","唆"
"常用","沙"
"常用","詐"
"常用","挫"
"常用","塞"
"常用","宰"
"常用","栽"
"常用","采"
"常用","砕"
"常用","斎"
"常用","阪"
"常用","崎"
"常用","埼"
"常用","柵"
"常用","索"
"常用","拶"
"常用","傘"
"常用","桟"
"常用","斬"
"常用","嗣"
"常用","肢"
"常用","賜"
"常用","滋"
"常用","璽"
"常用","鹿"
"常用","叱"
"常用","嫉"
"常用","漆"
"常用","遮"
"常用","蛇"
"常用","爵"
"常用","酌"
"常用","珠"
"常用","腫"
"常用","儒"
"常用","呪"
"常用","囚"
"常用","愁"
"常用","臭"
"常用","蹴"
"常用","酬"
"常用","醜"
"常用","充"
"常用","汁"
"常用","渋"
"常用","銃"
"常用","叔"
"常用","淑"
"常用","粛"
"常用","塾"
"常用","俊"
"常用","准"
"常用","循"
"常用","殉"
"常用","庶"
"常用","緒"
"常用","叙"
"常用","償"
"常用","升"
"常用","奨"
"常用","宵"
"常用","尚"
"常用","彰"
"常用","抄"
"常用","渉"
"常用","症"
"常用","硝"
"常用","礁"
"常用","祥"
"常用","粧"
"常用","肖"
"常用","訟"
"常用","詔"
"常用","剰"
"常用","壌"
"常用","浄"
"常用","醸"
"常用","拭"
"常用","尻"
"常用","唇"
"常用","娠"
"常用","紳"
"常用","芯"
"常用","診"
"常用","刃"
"常用","甚"
"常用","腎"
"常用","迅"
"常用","須"
"常用","酢"
"常用","帥"
"常用","睡"
"常用","崇"
"常用","枢"
"常用","据"
"常用","杉"
"常用","裾"
"常用","畝"
"常用","凄"
"常用","誓"
"常用","逝"
"常用","醒"
"常用","斉"
"常用","戚"
"常用","析"
"常用","脊"
"常用","拙"
"常用","窃"
"常用","仙"
"常用","栓"
"常用","煎"
"常用","旋"
"常用","繊"
"常用","羨"
"常用","腺"
"常用","薦"
"常用","詮"
"常用","践"
"常用","遷"
"常用","漸"
"常用","禅"
"常用","膳"
"常用","塑"
"常用","曽"
"常用","狙"
"常用","疎"
"常用","租"
"常用","遡"
"常用","喪"
"常用","壮"
"常用","爽"
"常用","捜"
"常用","挿"
"常用","曹"
"常用","槽"
"常用","痩"
"常用","荘"
"常用","藻"
"常用","霜"
"常用","捉"
"常用","袖"
"常用","遜"
"常用","汰"
"常用","唾"
"常用","堕"
"常用","妥"
"常用","惰"
"常用","駄"
"常用","堆"
"常用","戴"
"常用","泰"
"常用","濯"
"常用","但"
"常用","棚"
"常用","誰"
"常用","旦"
"常用","綻"
"常用","痴"
"常用","逐"
"常用","秩"
"常用","嫡"
"常用","衷"
"常用","酎"
"常用","弔"
"常用","懲"
"常用","挑"
"常用","眺"
"常用","勅"
"常用","捗"
"常用","朕"
"常用","津"
"常用","椎"
"常用","塚"
"常用","漬"
"常用","潰"
"常用","坪"
"常用","爪"
"常用","釣"
"常用","鶴"
"常用","亭"
"常用","偵"
"常用","貞"
"常用","呈"
"常用","廷"
"常用","艇"
"常用","諦"
"常用","逓"
"常用","邸"
"常用","泥"
"常用","溺"
"常用","徹"
"常用","撤"
"常用","迭"
"常用","填"
"常用","貼"
"常用","妬"
"常用","賭"
"常用","悼"
"常用","搭"
"常用","棟"
"常用","筒"
"常用","藤"
"常用","謄"
"常用","騰"
"常用","憧"
"常用","洞"
"常用","瞳"
"常用","督"
"常用","栃"
"常用","凸"
"常用","屯"
"常用","頓"
"常用","奈"
"常用","那"
"常用","謎"
"常用","鍋"
"常用","縄"
"常用","軟"
"常用","尼"
"常用","匂"
"常用","虹"
"常用","妊"
"常用","忍"
"常用","寧"
"常用","猫"
"常用","捻"
"常用","把"
"常用","覇"
"常用","罵"
"常用","廃"
"常用","培"
"常用","媒"
"常用","賠"
"常用","伯"
"常用","剥"
"常用","舶"
"常用","漠"
"常用","箸"
"常用","肌"
"常用","鉢"
"常用","閥"
"常用","斑"
"常用","氾"
"常用","汎"
"常用","煩"
"常用","頒"
"常用","妃"
"常用","扉"
"常用","披"
"常用","罷"
"常用","眉"
"常用","膝"
"常用","肘"
"常用","媛"
"常用","賓"
"常用","頻"
"常用","瓶"
"常用","扶"
"常用","譜"
"常用","阜"
"常用","附"
"常用","侮"
"常用","沸"
"常用","憤"
"常用","雰"
"常用","丙"
"常用","併"
"常用","塀"
"常用","幣"
"常用","弊"
"常用","蔽"
"常用","蔑"
"常用","偏"
"常用","遍"
"常用","俸"
"常用","泡"
"常用","蜂"
"常用","褒"
"常用","剖"
"常用","紡"
"常用","貌"
"常用","頬"
"常用","僕"
"常用","撲"
"常用","朴"
"常用","睦"
"常用","勃"
"常用","堀"
"常用","奔"
"常用","摩"
"常用","磨"
"常用","麻"
"常用","昧"
"常用","枕"
"常用","抹"
"常用","繭"
"常用","岬"
"常用","蜜"
"常用","冥"
"常用","銘"
"常用","麺"
"常用","妄"
"常用","盲"
"常用","耗"
"常用","餅"
"常用","戻"
"常用","冶"
"常用","弥"
"常用","厄"
"常用","柳"
"常用","愉"
"常用","癒"
"常用","諭"
"常用","唯"
"常用","悠"
"常用","湧"
"常用","猶"
"常用","裕"
"常用","融"
"常用","妖"
"常用","庸"
"常用","窯"
"常用","沃"
"常用","羅"
"常用","酪"
"常用","嵐"
"常用","藍"
"常用","履"
"常用","梨"
"常用","璃"
"常用","痢"
"常用","硫"
"常用","竜"
"常用","侶"
"常用","虜"
"常用","僚"
"常用","寮"
"常用","涼"
"常用","瞭"
"常用","倫"
"常用","瑠"
"常用","塁"
"常用","累"
"常用","鈴"
"常用","呂"
"常用","賂"
"常用","弄"
"常用","麓"
"常用","賄"
"常用","脇"
"常用","枠"
"常用","丼"
"常用","傲"
"常用","刹"
"常用","哺"
"常用","喩"
"常用","嗅"
"常用","嘲"
"常用","毀"
"常用","彙"
"常用","恣"
"常用","惧"
"常用","慄"
"常用","憬"
"常用","拉"
"常用","摯"
"常用","曖"
"常用","楷"
"常用","鬱"
"常用","璧"
"常用","瘍"
"常用","箋"
"常用","籠"
"常用","緻"
"常用","羞"
"常用","訃"
"常用","諧"
"常用","貪"
"常用","踪"
"常用","辣"
"常用","錮"
"常用","剝"
"常用","塡"
"常用","頰"
"中2","握"
"中2","扱"
"中2","依"
"中2","偉"
"中2","威"
"中2","為"
"中2","維"
"中2","緯"
"中2","違"
"中2","井"
"中2","壱"
"中2","稲"
"中2","芋"
"中2","陰"
"中2","隠"
"中2","影"
"中2","鋭"
"中2","越"
"中2","援"
"中2","煙"
"中2","縁"
"中2","鉛"
"中2","汚"
"中2","奥"
"中2","押"
"中2","沖"
"中2","憶"
"中2","暇"
"中2","箇"
"中2","菓"
"中2","雅"
"中2","介"
"中2","壊"
"中2","戒"
"中2","皆"
"中2","獲"
"中2","較"
"中2","刈"
"中2","乾"
"中2","勧"
"中2","歓"
"中2","汗"
"中2","環"
"中2","甘"
"中2","監"
"中2","鑑"
"中2","含"
"中2","奇"
"中2","幾"
"中2","祈"
"中2","輝"
"中2","鬼"
"中2","儀"
"中2","戯"
"中2","詰"
"中2","却"
"中2","脚"
"中2","丘"
"中2","及"
"中2","朽"
"中2","巨"
"中2","拠"
"中2","距"
"中2","凶"
"中2","叫"
"中2","恐"
"中2","況"
"中2","狂"
"中2","狭"
"中2","響"
"中2","驚"
"中2","仰"
"中2","駆"
"中2","屈"
"中2","掘"
"中2","繰"
"中2","傾"
"中2","恵"
"中2","継"
"中2","迎"
"中2","撃"
"中2","兼"
"中2","剣"
"中2","圏"
"中2","堅"
"中2","肩"
"中2","軒"
"中2","遣"
"中2","玄"
"中2","枯"
"中2","誇"
"中2","鼓"
"中2","互"
"中2","御"
"中2","恒"
"中2","抗"
"中2","攻"
"中2","更"
"中2","稿"
"中2","荒"
"中2","項"
"中2","香"
"中2","豪"
"中2","腰"
"中2","込"
"中2","婚"
"中2","鎖"
"中2","彩"
"中2","歳"
"中2","載"
"中2","剤"
"中2","咲"
"中2","惨"
"中2","伺"
"中2","刺"
"中2","旨"
"中2","紫"
"中2","脂"
"中2","雌"
"中2","執"
"中2","芝"
"中2","斜"
"中2","煮"
"中2","釈"
"中2","寂"
"中2","朱"
"中2","狩"
"中2","趣"
"中2","需"
"中2","秀"
"中2","舟"
"中2","襲"
"中2","柔"
"中2","獣"
"中2","瞬"
"中2","旬"
"中2","盾"
"中2","巡"
"中2","召"
"中2","床"
"中2","沼"
"中2","称"
"中2","紹"
"中2","詳"
"中2","丈"
"中2","畳"
"中2","飾"
"中2","殖"
"中2","触"
"中2","侵"
"中2","寝"
"中2","慎"
"中2","振"
"中2","浸"
"中2","薪"
"中2","震"
"中2","尋"
"中2","尽"
"中2","陣"
"中2","吹"
"中2","澄"
"中2","是"
"中2","姓"
"中2","征"
"中2","跡"
"中2","占"
"中2","扇"
"中2","鮮"
"中2","訴"
"中2","僧"
"中2","燥"
"中2","騒"
"中2","贈"
"中2","即"
"中2","俗"
"中2","耐"
"中2","替"
"中2","拓"
"中2","沢"
"中2","濁"
"中2","脱"
"中2","丹"
"中2","嘆"
"中2","淡"
"中2","端"
"中2","弾"
"中2","恥"
"中2","致"
"中2","遅"
"中2","蓄"
"中2","徴"
"中2","跳"
"中2","沈"
"中2","珍"
"中2","堤"
"中2","抵"
"中2","摘"
"中2","滴"
"中2","添"
"中2","殿"
"中2","吐"
"中2","渡"
"中2","途"
"中2","奴"
"中2","怒"
"中2","倒"
"中2","唐"
"中2","塔"
"中2","桃"
"中2","盗"
"中2","到"
"中2","踏"
"中2","逃"
"中2","透"
"中2","闘"
"中2","胴"
"中2","峠"
"中2","突"
"中2","曇"
"中2","鈍"
"中2","弐"
"中2","悩"
"中2","濃"
"中2","杯"
"中2","輩"
"中2","拍"
"中2","泊"
"中2","薄"
"中2","迫"
"中2","爆"
"中2","髪"
"中2","罰"
"中2","抜"
"中2","搬"
"中2","繁"
"中2","般"
"中2","販"
"中2","範"
"中2","盤"
"中2","彼"
"中2","疲"
"中2","被"
"中2","避"
"中2","尾"
"中2","微"
"中2","匹"
"中2","描"
"中2","浜"
"中2","敏"
"中2","怖"
"中2","敷"
"中2","普"
"中2","浮"
"中2","腐"
"中2","膚"
"中2","賦"
"中2","舞"
"中2","幅"
"中2","払"
"中2","噴"
"中2","柄"
"中2","壁"
"中2","舗"
"中2","捕"
"中2","峰"
"中2","抱"
"中2","砲"
"中2","傍"
"中2","坊"
"中2","帽"
"中2","忙"
"中2","冒"
"中2","肪"
"中2","凡"
"中2","盆"
"中2","慢"
"中2","漫"
"中2","妙"
"中2","眠"
"中2","矛"
"中2","霧"
"中2","娘"
"中2","茂"
"中2","猛"
"中2","網"
"中2","黙"
"中2","紋"
"中2","躍"
"中2","雄"
"中2","与"
"中2","誉"
"中2","溶"
"中2","謡"
"中2","踊"
"中2","翼"
"中2","頼"
"中2","雷"
"中2","絡"
"中2","欄"
"中2","離"
"中2","粒"
"中2","慮"
"中2","療"
"中2","隣"
"中2","涙"
"中2","隷"
"中2","麗"
"中2","齢"
"中2","暦"
"中2","劣"
"中2","烈"
"中2","恋"
"中2","露"
"中2","郎"
"中2","惑"
"中2","腕"
"中3","哀"
"中3","慰"
"中3","詠"
"中3","悦"
"中3","閲"
"中3","宴"
"中3","炎"
"中3","欧"
"中3","殴"
"中3","乙"
"中3","卸"
"中3","穏"
"中3","佳"
"中3","嫁"
"中3","架"
"中3","華"
"中3","餓"
"中3","塊"
"中3","怪"
"中3","悔"
"中3","慨"
"中3","概"
"中3","該"
"中3","穫"
"中3","郭"
"中3","隔"
"中3","岳"
"中3","掛"
"中3","滑"
"中3","冠"
"中3","勘"
"中3","喚"
"中3","換"
"中3","敢"
"中3","緩"
"中3","肝"
"中3","貫"
"中3","企"
"中3","岐"
"中3","忌"
"中3","既"
"中3","棋"
"中3","棄"
"中3","軌"
"中3","騎"
"中3","欺"
"中3","犠"
"中3","菊"
"中3","吉"
"中3","喫"
"中3","虐"
"中3","虚"
"中3","峡"
"中3","脅"
"中3","凝"
"中3","斤"
"中3","緊"
"中3","愚"
"中3","偶"
"中3","遇"
"中3","桑"
"中3","刑"
"中3","啓"
"中3","契"
"中3","憩"
"中3","掲"
"中3","携"
"中3","鶏"
"中3","鯨"
"中3","倹"
"中3","賢"
"中3","幻"
"中3","孤"
"中3","弧"
"中3","雇"
"中3","顧"
"中3","娯"
"中3","悟"
"中3","坑"
"中3","孔"
"中3","巧"
"中3","慌"
"中3","拘"
"中3","控"
"中3","甲"
"中3","硬"
"中3","絞"
"中3","綱"
"中3","郊"
"中3","酵"
"中3","克"
"中3","獄"
"中3","墾"
"中3","恨"
"中3","紺"
"中3","魂"
"中3","債"
"中3","催"
"中3","削"
"中3","搾"
"中3","錯"
"中3","撮"
"中3","擦"
"中3","暫"
"中3","施"
"中3","祉"
"中3","諮"
"中3","侍"
"中3","慈"
"中3","軸"
"中3","湿"
"中3","疾"
"中3","赦"
"中3","邪"
"中3","殊"
"中3","寿"
"中3","潤"
"中3","遵"
"中3","徐"
"中3","匠"
"中3","掌"
"中3","昇"
"中3","晶"
"中3","焦"
"中3","衝"
"中3","鐘"
"中3","冗"
"中3","嬢"
"中3","譲"
"中3","錠"
"中3","嘱"
"中3","辱"
"中3","伸"
"中3","審"
"中3","辛"
"中3","炊"
"中3","粋"
"中3","衰"
"中3","遂"
"中3","酔"
"中3","随"
"中3","髄"
"中3","瀬"
"中3","牲"
"中3","請"
"中3","隻"
"中3","惜"
"中3","斥"
"中3","籍"
"中3","摂"
"中3","潜"
"中3","繕"
"中3","措"
"中3","礎"
"中3","粗"
"中3","阻"
"中3","双"
"中3","掃"
"中3","葬"
"中3","遭"
"中3","憎"
"中3","促"
"中3","賊"
"中3","怠"
"中3","滞"
"中3","胎"
"中3","袋"
"中3","逮"
"中3","滝"
"中3","卓"
"中3","択"
"中3","託"
"中3","諾"
"中3","奪"
"中3","胆"
"中3","鍛"
"中3","壇"
"中3","稚"
"中3","畜"
"中3","窒"
"中3","抽"
"中3","鋳"
"中3","駐"
"中3","彫"
"中3","聴"
"中3","超"
"中3","鎮"
"中3","陳"
"中3","墜"
"中3","帝"
"中3","締"
"中3","訂"
"中3","哲"
"中3","塗"
"中3","斗"
"中3","凍"
"中3","痘"
"中3","陶"
"中3","匿"
"中3","篤"
"中3","豚"
"中3","如"
"中3","尿"
"中3","粘"
"中3","婆"
"中3","排"
"中3","陪"
"中3","縛"
"中3","伐"
"中3","伴"
"中3","帆"
"中3","畔"
"中3","藩"
"中3","蛮"
"中3","卑"
"中3","泌"
"中3","碑"
"中3","姫"
"中3","漂"
"中3","苗"
"中3","符"
"中3","赴"
"中3","封"
"中3","伏"
"中3","覆"
"中3","墳"
"中3","紛"
"中3","癖"
"中3","穂"
"中3","募"
"中3","慕"
"中3","簿"
"中3","倣"
"中3","奉"
"中3","崩"
"中3","縫"
"中3","胞"
"中3","芳"
"中3","邦"
"中3","飽"
"中3","乏"
"中3","妨"
"中3","房"
"中3","某"
"中3","膨"
"中3","謀"
"中3","墨"
"中3","没"
"中3","翻"
"中3","魔"
"中3","埋"
"中3","膜"
"中3","又"
"中3","魅"
"中3","婿"
"中3","滅"
"中3","免"
"中3","幽"
"中3","憂"
"中3","誘"
"中3","揚"
"中3","揺"
"中3","擁"
"中3","抑"
"中3","裸"
"中3","濫"
"中3","吏"
"中3","隆"
"中3","了"
"中3","猟"
"中3","糧"
"中3","陵"
"中3","厘"
"中3","励"
"中3","零"
"中3","霊"
"中3","裂"
"中3","廉"
"中3","錬"
"中3","炉"
"中3","廊"
"中3","楼"
"中3","浪"
"中3","漏"
"中3","湾"
"部首","衣部"
"部首","一部"
"部首","羽部"
"部首","雨部"
"部首","臼部"
"部首","瓜部"
"部首","乙部"
"部首","音部"
"部首","火部"
"部首","禾部"
"部首","牙部"
"部首","貝部"
"部首","角部"
"部首","革部"
"部首","瓦部"
"部首","干部"
"部首","甘部"
"部首","缶部"
"部首","鬼部"
"部首","黍部"
"部首","弓部"
"部首","牛部"
"部首","魚部"
"部首","玉部"
"部首","巾部"
"部首","斤部"
"部首","金部"
"部首","欠部"
"部首","穴部"
"部首","血部"
"部首","月部"
"部首","犬部"
"部首","見部"
"部首","玄部"
"部首","言部"
"部首","己部"
"部首","鼓部"
"部首","口部"
"部首","工部"
"部首","行部"
"部首","香部"
"部首","高部"
"部首","骨部"
"部首","艮部"
"部首","皿部"
"部首","山部"
"部首","士部"
"部首","子部"
"部首","支部"
"部首","止部"
"部首","氏部"
"部首","糸部"
"部首","至部"
"部首","示部"
"部首","而部"
"部首","耳部"
"部首","自部"
"部首","鹿部"
"部首","車部"
"部首","手部"
"部首","首部"
"部首","舟部"
"部首","十部"
"部首","女部"
"部首","小部"
"部首","色部"
"部首","食部"
"部首","心部"
"部首","臣部"
"部首","身部"
"部首","辛部"
"部首","人部"
"部首","水部"
"部首","寸部"
"部首","生部"
"部首","石部"
"部首","赤部"
"部首","舌部"
"部首","舛部"
"部首","鼠部"
"部首","走部"
"部首","足部"
"部首","大部"
"部首","辰部"
"部首","谷部"
"部首","竹部"
"部首","虫部"
"部首","長部"
"部首","鳥部"
"部首","爪部"
"部首","鼎部"
"部首","田部"
"部首","斗部"
"部首","土部"
"部首","刀部"
"部首","豆部"
"部首","酉部"
"部首","二部"
"部首","肉部"
"部首","日部"
"部首","入部"
"部首","馬部"
"部首","白部"
"部首","八部"
"部首","釆部"
"部首","比部"
"部首","皮部"
"部首","非部"
"部首","飛部"
"部首","鼻部"
"部首","疋部"
"部首","父部"
"部首","阜部"
"部首","風部"
"部首","文部"
"部首","米部"
"部首","頁部"
"部首","片部"
"部首","方部"
"部首","卜部"
"部首","麻部"
"部首","又部"
"部首","矛部"
"部首","面部"
"部首","毛部"
"部首","木部"
"部首","目部"
"部首","門部"
"部首","矢部"
"部首","邑部"
"部首","夕部"
"部首","用部"
"部首","羊部"
"部首","里部"
"部首","立部"
"部首","龍部"
"部首","力部"
"部首","老部"
"部首","丶部"
"部首","丿部"
"部首","亅部"
"部首","亠部"
"部首","儿部"
"部首","冂部"
"部首","冖部"
"部首","冫部"
"部首","几部"
"部首","凵部"
"部首","勹部"
"部首","匕部"
"部首","匚部"
"部首","匸部"
"部首","卩部"
"部首","厂部"
"部首","厶部"
"部首","囗部"
"部首","夂部"
"部首","夊部"
"部首","宀部"
"部首","尢部"
"部首","尸部"
"部首","屮部"
"部首","巛部"
"部首","幺部"
"部首","广部"
"部首","廴部"
"部首","廾部"
"部首","弋部"
"部首","彡部"
"部首","彳部"
"部首","戈部"
"部首","攴部"
"部首","无部"
"部首","曰部"
"部首","歹部"
"部首","殳部"
"部首","毋部"
"部首","气部"
"部首","爻部"
"部首","爿部"
"部首","癶部"
"部首","网部"
"部首","耒部"
"部首","聿部"
"部首","艸部"
"部首","虍部"
"部首","襾部"
"部首","豕部"
"部首","豸部"
"部首","隶部"
"部首","隹部"
"部首","韋部"
"部首","韭部"
"部首","髟部"
"部首","鬥部"
"部首","鬯部"
"部首","鬲部"
"部首","鹵部"
"部首","麥部"
"部首","黹部"
"部首","黽部"
"部首","齊部"
"部首","齒部"
"部首","龜部"
"部首","龠部"
"部首","丨部"
"部首","靑部"
"部首","黑部"
"部首","彐部"
"部首","戶部"
"部首","疒部"
"部首","禸部"
"部首","辵部"
"部首","黃部"
